incident_id,supplier_id,warehouse_location,region,incident_type,product_category,shipment_status,severity,inventory_level,delivery_delay,transportation_cost,order_quantity,demand_forecast,resolution_time_days,timestamp,incident_description
INC00388,S015,"Philadelphia, PA",Northeast,Port Congestion,Raw Materials,On-Time,critical,9.43,23.03,1344.72,327,295,44,2024-01-01,"Labor strike at Philadelphia, PA port operations causing significant 23-day shipping delays."
INC00262,S006,"Chicago, IL",Midwest,Weather Disruption,Pharmaceuticals,Critical Delay,critical,370.07,1.0,857.64,128,121,1,2024-01-05,"Hurricane warning at Chicago, IL port resulting in 1-day suspension of loading operations."
INC00200,S008,"New York, NY",Northeast,Transportation Issue,Consumer Goods,Delayed,high,111.48,7.29,1228.62,10,11,16,2024-01-06,"Fuel price spike increasing transportation costs by 8.5% for New York, NY region shipments."
INC00443,S018,"San Antonio, TX",South,Demand Spike,Consumer Goods,In-Transit,medium,220.86,5.08,1359.59,237,243,6,2024-01-08,"Unexpected Consumer Goods demand increase at San Antonio, TX region — 243 units ordered vs 220 in stock."
INC00480,S005,"Phoenix, AZ",Southwest,Supplier Delay,Electronics,In-Transit,medium,205.71,2.39,1772.51,157,190,4,2024-01-09,Supplier S005 experiencing raw material shortage resulting in 2-day shipment delay for Electronics components.
INC00267,S006,"Dallas, TX",South,Stockout Risk,Raw Materials,Delayed,critical,14.22,5.1,1530.32,213,271,11,2024-01-10,"Demand surge exceeding supply at Dallas, TX — Raw Materials inventory at 14 units vs 271 forecasted demand."
INC00372,S004,"San Antonio, TX",South,Customs Delay,Pharmaceuticals,On-Time,low,520.82,1.0,1210.16,211,185,2,2024-01-10,Trade compliance review triggered for Pharmaceuticals shipment from S004 — 1-day estimated hold.
INC00511,S011,"Philadelphia, PA",Northeast,Weather Disruption,Pharmaceuticals,Delayed,critical,209.53,14.46,1975.9,198,153,33,2024-01-12,"Hurricane warning at Philadelphia, PA port resulting in 14-day suspension of loading operations."
INC00207,S008,"New York, NY",Northeast,Demand Spike,Pharmaceuticals,Critical Delay,critical,103.16,20.24,2290.44,215,218,43,2024-01-12,"Flash sale event triggering 15.6% above-forecast demand for Pharmaceuticals — inventory risk at New York, NY."
INC00011,S014,"San Jose, CA",West,Port Congestion,Pharmaceuticals,Delivered,critical,529.37,16.2,1706.17,58,46,37,2024-01-12,"Customs inspection backlog at San Jose, CA customs facility delaying Pharmaceuticals clearance by 16 days."
INC00158,S012,"Los Angeles, CA",West,Supplier Delay,Pharmaceuticals,On-Time,high,395.28,8.21,2271.76,284,367,12,2024-01-17,Quality control issues at S012 facility halted production for 8 days pending inspection.
INC00184,S008,"Chicago, IL",Midwest,Quality Issue,Food & Beverage,Delayed,critical,287.86,47.68,684.09,259,296,76,2024-01-24,Material specification deviation in S008 Food & Beverage delivery requiring re-inspection and approval.
INC00559,S007,"Dallas, TX",South,Demand Spike,Medical Supplies,In-Transit,critical,46.7,0.66,2672.49,159,186,1,2024-01-26,"Seasonal demand surge for Medical Supplies exceeding forecast by 37.0% at Dallas, TX fulfillment center."
INC00409,S008,"New York, NY",Northeast,Quality Issue,Pharmaceuticals,Delivered,critical,24.25,2.62,1094.89,188,177,5,2024-01-26,Material specification deviation in S008 Pharmaceuticals delivery requiring re-inspection and approval.
INC00565,S010,"San Jose, CA",West,Transportation Issue,Medical Supplies,Critical Delay,critical,255.02,3.89,1590.67,261,291,4,2024-01-30,"Carrier capacity constraints impacting shipments from S010 to San Jose, CA — 3-day estimated delay."
INC00314,S011,"Los Angeles, CA",West,Supplier Delay,Raw Materials,Delivered,high,90.05,6.74,1808.16,157,160,11,2024-01-31,Quality control issues at S011 facility halted production for 6 days pending inspection.
INC00239,S007,"Seattle, WA",Northwest,Customs Delay,Industrial Equipment,On-Time,medium,280.88,1.0,1856.85,268,366,1,2024-02-03,New import regulations requiring additional certification for Industrial Equipment category — 1-day processing time.
INC00330,S016,"San Antonio, TX",South,Quality Issue,Pharmaceuticals,Critical Delay,critical,68.78,25.23,1324.91,74,102,32,2024-02-04,"S016 reported defect rate of 10.7% in recent Pharmaceuticals shipment, return and rework initiated."
INC00315,S013,"Austin, TX",South,Weather Disruption,Medical Supplies,Delivered,medium,197.9,5.74,1623.41,169,177,13,2024-02-05,"Winter storm affecting ground transportation near Austin, TX, 5-day delivery delay expected."
INC00160,S006,"Austin, TX",South,Customs Delay,Raw Materials,In-Transit,critical,251.76,28.87,1767.98,182,251,70,2024-02-07,"Customs documentation error for S006 shipment causing 28-day clearance delay at Austin, TX."
INC00377,S004,"Phoenix, AZ",Southwest,Transportation Issue,Raw Materials,On-Time,low,698.23,0.34,813.76,208,147,1,2024-02-10,"Fuel price spike increasing transportation costs by 6.8% for Phoenix, AZ region shipments."
INC00523,S004,"Philadelphia, PA",Northeast,Customs Delay,Automotive Parts,Critical Delay,critical,17.84,9.58,1057.81,144,197,20,2024-02-10,"Tariff classification dispute for S004 shipment adding 9-day delay at Philadelphia, PA customs."
INC00060,S019,"Seattle, WA",Northwest,Transportation Issue,Automotive Parts,Delayed,medium,629.82,6.64,1122.18,270,222,12,2024-02-12,"Truck fleet shortage affecting last-mile delivery from Seattle, WA, 6-day delay on Automotive Parts orders."
INC00165,S011,"Austin, TX",South,Demand Spike,Industrial Equipment,Critical Delay,critical,618.22,10.2,1928.04,203,255,16,2024-02-13,"Seasonal demand surge for Industrial Equipment exceeding forecast by 29.1% at Austin, TX fulfillment center."
INC00491,S004,"Houston, TX",South,Weather Disruption,Food & Beverage,In-Transit,high,97.02,1.2,703.01,206,284,1,2024-02-13,"Severe weather event impacting Houston, TX region causing 1-day operational disruption."
INC00297,S016,"San Jose, CA",West,Stockout Risk,Food & Beverage,In-Transit,high,89.24,8.46,1796.67,257,277,15,2024-02-15,"Inventory for Food & Beverage at San Jose, CA warehouse approaching critical threshold — current level at 89 units."
INC00484,S005,"Phoenix, AZ",Southwest,Port Congestion,Raw Materials,Delayed,high,601.4,11.17,829.72,119,155,13,2024-02-20,"Labor strike at Phoenix, AZ port operations causing significant 11-day shipping delays."
INC00512,S013,"New York, NY",Northeast,Demand Spike,Electronics,Critical Delay,critical,7.31,5.32,1080.46,160,129,7,2024-02-21,"Flash sale event triggering 22.6% above-forecast demand for Electronics — inventory risk at New York, NY."
INC00031,S009,"Phoenix, AZ",Southwest,Transportation Issue,Food & Beverage,Critical Delay,critical,226.28,3.32,1655.93,262,245,5,2024-02-22,"Carrier capacity constraints impacting shipments from S009 to Phoenix, AZ — 3-day estimated delay."
INC00281,S010,"Chicago, IL",Midwest,Demand Spike,Automotive Parts,Delayed,critical,29.39,7.73,2185.4,110,110,15,2024-02-23,"Flash sale event triggering 28.3% above-forecast demand for Automotive Parts — inventory risk at Chicago, IL."
INC00332,S018,"Los Angeles, CA",West,Quality Issue,Raw Materials,Delayed,medium,232.11,3.44,1679.25,139,177,6,2024-02-24,"S018 reported defect rate of 26.3% in recent Raw Materials shipment, return and rework initiated."
INC00241,S008,"San Jose, CA",West,Weather Disruption,Food & Beverage,In-Transit,medium,785.33,6.65,1386.66,244,188,16,2024-02-24,"Severe weather event impacting San Jose, CA region causing 6-day operational disruption."
INC00419,S005,"Chicago, IL",Midwest,Stockout Risk,Consumer Goods,On-Time,high,122.75,0.0,1124.29,201,179,1,2024-02-25,"Inventory for Consumer Goods at Chicago, IL warehouse approaching critical threshold — current level at 122 units."
INC00296,S014,"Phoenix, AZ",Southwest,Port Congestion,Industrial Equipment,Critical Delay,critical,831.24,17.03,1443.38,193,233,31,2024-02-26,"Port congestion at Phoenix, AZ terminal causing 17-day backlog for incoming shipments."
INC00501,S016,"Los Angeles, CA",West,Customs Delay,Electronics,In-Transit,high,170.76,8.9,2506.48,160,113,19,2024-02-29,"Tariff classification dispute for S016 shipment adding 8-day delay at Los Angeles, CA customs."
INC00024,S009,"San Diego, CA",West,Demand Spike,Pharmaceuticals,Critical Delay,critical,238.89,4.7,1104.49,200,179,7,2024-02-29,"B2B bulk order from key account straining Pharmaceuticals availability across San Diego, CA distribution network."
INC00468,S017,"Dallas, TX",South,Quality Issue,Raw Materials,Delayed,low,435.15,0.0,1914.14,10,10,1,2024-03-02,Batch quality failure detected for Raw Materials from S017 — 0-day hold pending quality review.
INC00194,S005,"San Antonio, TX",South,Transportation Issue,Pharmaceuticals,Critical Delay,critical,71.9,0.16,749.08,315,411,1,2024-03-04,"Fuel price spike increasing transportation costs by 35.5% for San Antonio, TX region shipments."
INC00106,S019,"San Antonio, TX",South,Quality Issue,Automotive Parts,Critical Delay,critical,57.12,11.35,1529.11,133,131,16,2024-03-05,"Product recall risk identified for Automotive Parts batch from S019 — proactive hold at San Antonio, TX."
INC00547,S002,"Los Angeles, CA",West,Demand Spike,Food & Beverage,Delayed,high,56.62,1.04,1656.27,156,149,2,2024-03-07,"Unexpected Food & Beverage demand increase at Los Angeles, CA region — 149 units ordered vs 56 in stock."
INC00498,S013,"Houston, TX",South,Customs Delay,Medical Supplies,Delayed,medium,341.94,5.98,1526.27,179,157,11,2024-03-09,New import regulations requiring additional certification for Medical Supplies category — 5-day processing time.
INC00574,S019,"San Diego, CA",West,Port Congestion,Raw Materials,Delayed,critical,19.38,20.0,1272.36,226,212,48,2024-03-12,"Labor strike at San Diego, CA port operations causing significant 19-day shipping delays."
INC00006,S013,"Phoenix, AZ",Southwest,Customs Delay,Food & Beverage,Delayed,critical,269.25,29.74,809.4,230,171,62,2024-03-14,New import regulations requiring additional certification for Food & Beverage category — 29-day processing time.
INC00077,S019,"Austin, TX",South,Transportation Issue,Pharmaceuticals,On-Time,high,97.46,2.5,225.66,157,174,5,2024-03-14,"Route disruption due to road construction near Austin, TX increasing delivery time by 2 days."
INC00472,S015,"Austin, TX",South,Stockout Risk,Medical Supplies,Delivered,low,419.03,1.0,1970.03,179,226,1,2024-03-14,"Demand surge exceeding supply at Austin, TX — Medical Supplies inventory at 419 units vs 226 forecasted demand."
INC00254,S003,"San Antonio, TX",South,Customs Delay,Medical Supplies,On-Time,critical,26.87,4.38,1150.99,118,101,9,2024-03-16,Trade compliance review triggered for Medical Supplies shipment from S003 — 4-day estimated hold.
INC00412,S007,"Dallas, TX",South,Weather Disruption,Automotive Parts,Delayed,critical,154.69,26.48,1038.51,124,156,33,2024-03-16,"Flooding at Dallas, TX warehouse facility causing 26-day shutdown and inventory relocation."
INC00376,S001,"New York, NY",Northeast,Port Congestion,Automotive Parts,Critical Delay,critical,303.26,1.28,2071.88,222,267,2,2024-03-17,"Vessel berthing delays at New York, NY port increasing transit times by 1 days."
INC00331,S010,"New York, NY",Northeast,Quality Issue,Industrial Equipment,On-Time,low,443.54,0.14,1463.37,141,188,1,2024-03-17,"S010 reported defect rate of 36.1% in recent Industrial Equipment shipment, return and rework initiated."
INC00059,S004,"Chicago, IL",Midwest,Demand Spike,Automotive Parts,Delivered,high,99.14,8.42,1126.66,171,203,17,2024-03-18,"B2B bulk order from key account straining Automotive Parts availability across Chicago, IL distribution network."
INC00021,S004,"Houston, TX",South,Transportation Issue,Consumer Goods,Delayed,high,511.15,9.86,1503.07,181,179,15,2024-03-18,"Route disruption due to road construction near Houston, TX increasing delivery time by 9 days."
INC00049,S016,"San Diego, CA",West,Demand Spike,Consumer Goods,On-Time,high,57.8,3.63,2128.81,149,132,5,2024-03-20,"B2B bulk order from key account straining Consumer Goods availability across San Diego, CA distribution network."
INC00164,S017,"Phoenix, AZ",Southwest,Port Congestion,Pharmaceuticals,Critical Delay,critical,469.23,2.65,2020.66,222,251,4,2024-03-22,"Vessel berthing delays at Phoenix, AZ port increasing transit times by 2 days."
INC00482,S014,"Dallas, TX",South,Weather Disruption,Pharmaceuticals,Critical Delay,critical,237.18,19.85,1504.24,147,176,29,2024-03-22,"Flooding at Dallas, TX warehouse facility causing 19-day shutdown and inventory relocation."
INC00026,S003,"San Jose, CA",West,Port Congestion,Consumer Goods,In-Transit,high,334.55,10.01,1974.62,127,121,12,2024-03-24,"Vessel berthing delays at San Jose, CA port increasing transit times by 10 days."
INC00515,S016,"San Antonio, TX",South,Transportation Issue,Consumer Goods,Delayed,critical,130.99,21.16,1099.16,280,375,50,2024-04-01,"Fuel price spike increasing transportation costs by 16.3% for San Antonio, TX region shipments."
INC00537,S010,"San Diego, CA",West,Stockout Risk,Pharmaceuticals,In-Transit,critical,145.46,19.59,1661.12,321,239,39,2024-04-02,"San Diego, CA distribution center reporting Pharmaceuticals stock depletion risk within 19 days at current consumption rate."
INC00120,S004,"Philadelphia, PA",Northeast,Weather Disruption,Food & Beverage,Delayed,high,843.19,9.68,975.12,167,209,17,2024-04-03,"Hurricane warning at Philadelphia, PA port resulting in 9-day suspension of loading operations."
INC00110,S004,"Austin, TX",South,Quality Issue,Food & Beverage,On-Time,high,83.28,1.46,585.43,263,291,3,2024-04-03,Batch quality failure detected for Food & Beverage from S004 — 1-day hold pending quality review.
INC00001,S004,"New York, NY",Northeast,Demand Spike,Consumer Goods,Critical Delay,critical,16.96,36.12,1888.61,321,259,44,2024-04-05,"Unexpected Consumer Goods demand increase at New York, NY region — 259 units ordered vs 16 in stock."
INC00246,S003,"Chicago, IL",Midwest,Weather Disruption,Raw Materials,Critical Delay,critical,239.7,17.1,1783.18,211,236,28,2024-04-05,"Severe weather event impacting Chicago, IL region causing 17-day operational disruption."
INC00277,S003,"San Antonio, TX",South,Demand Spike,Food & Beverage,Delayed,critical,27.6,0.74,612.65,214,151,1,2024-04-05,"Unexpected Food & Beverage demand increase at San Antonio, TX region — 151 units ordered vs 27 in stock."
INC00333,S004,"Philadelphia, PA",Northeast,Transportation Issue,Consumer Goods,Critical Delay,critical,143.61,7.47,401.54,216,271,11,2024-04-08,"Carrier capacity constraints impacting shipments from S004 to Philadelphia, PA — 7-day estimated delay."
INC00410,S017,"Philadelphia, PA",Northeast,Customs Delay,Raw Materials,In-Transit,critical,35.3,1.0,1518.11,248,225,1,2024-04-08,Trade compliance review triggered for Raw Materials shipment from S017 — 1-day estimated hold.
INC00107,S015,"Seattle, WA",Northwest,Demand Spike,Pharmaceuticals,On-Time,medium,169.87,1.43,1734.15,193,252,2,2024-04-09,"Unexpected Pharmaceuticals demand increase at Seattle, WA region — 252 units ordered vs 169 in stock."
INC00560,S016,"Dallas, TX",South,Stockout Risk,Consumer Goods,Delayed,high,104.59,0.92,2677.55,200,237,1,2024-04-10,"Safety stock breach detected at Dallas, TX for Consumer Goods category; replenishment order placed with S016."
INC00595,S002,"Los Angeles, CA",West,Quality Issue,Pharmaceuticals,Critical Delay,critical,208.71,0.26,1533.8,159,160,1,2024-04-10,"Product recall risk identified for Pharmaceuticals batch from S002 — proactive hold at Los Angeles, CA."
INC00343,S020,"San Jose, CA",West,Weather Disruption,Automotive Parts,Delayed,medium,524.57,5.98,1160.83,167,157,11,2024-04-13,"Severe weather event impacting San Jose, CA region causing 5-day operational disruption."
INC00005,S020,"Philadelphia, PA",Northeast,Transportation Issue,Automotive Parts,Delayed,high,136.88,7.31,1122.32,247,261,16,2024-04-13,"Carrier capacity constraints impacting shipments from S020 to Philadelphia, PA — 7-day estimated delay."
INC00070,S005,"Phoenix, AZ",Southwest,Supplier Delay,Electronics,Critical Delay,critical,1280.63,7.0,1068.93,182,226,15,2024-04-15,Supplier S005 experiencing raw material shortage resulting in 6-day shipment delay for Electronics components.
INC00411,S006,"Dallas, TX",South,Supplier Delay,Automotive Parts,Critical Delay,critical,208.32,18.99,1392.47,206,154,33,2024-04-16,Supplier S006 experiencing raw material shortage resulting in 18-day shipment delay for Automotive Parts components.
INC00061,S012,"Dallas, TX",South,Weather Disruption,Food & Beverage,Critical Delay,critical,416.63,14.98,1487.46,209,200,33,2024-04-18,"Severe weather event impacting Dallas, TX region causing 14-day operational disruption."
INC00036,S001,"Chicago, IL",Midwest,Quality Issue,Pharmaceuticals,In-Transit,critical,83.91,18.06,2027.2,180,205,40,2024-04-20,"S001 reported defect rate of 14.3% in recent Pharmaceuticals shipment, return and rework initiated."
INC00545,S012,"New York, NY",Northeast,Stockout Risk,Electronics,In-Transit,high,118.63,5.06,794.64,128,106,6,2024-04-21,"Safety stock breach detected at New York, NY for Electronics category; replenishment order placed with S012."
INC00518,S003,"Los Angeles, CA",West,Supplier Delay,Consumer Goods,Delivered,high,338.98,9.1,1752.06,248,249,19,2024-04-23,"S003 labor dispute affecting production capacity, estimated 9-day delay on outstanding orders."
INC00085,S008,"Seattle, WA",Northwest,Stockout Risk,Industrial Equipment,Delayed,critical,12.05,1.3,2136.27,323,307,2,2024-04-26,"Inventory for Industrial Equipment at Seattle, WA warehouse approaching critical threshold — current level at 12 units."
INC00539,S007,"San Diego, CA",West,Port Congestion,Industrial Equipment,Critical Delay,critical,333.65,22.11,1067.62,242,202,30,2024-04-26,"Vessel berthing delays at San Diego, CA port increasing transit times by 22 days."
INC00379,S006,"Philadelphia, PA",Northeast,Quality Issue,Raw Materials,On-Time,critical,39.38,4.09,2259.42,130,150,6,2024-04-26,Batch quality failure detected for Raw Materials from S006 — 4-day hold pending quality review.
INC00263,S007,"Houston, TX",South,Demand Spike,Automotive Parts,In-Transit,high,91.78,4.03,991.14,71,71,5,2024-04-26,"Seasonal demand surge for Automotive Parts exceeding forecast by 17.8% at Houston, TX fulfillment center."
INC00071,S001,"San Jose, CA",West,Demand Spike,Raw Materials,Delayed,critical,5.8,2.76,1318.61,199,204,6,2024-04-26,"Unexpected Raw Materials demand increase at San Jose, CA region — 204 units ordered vs 5 in stock."
INC00258,S019,"Seattle, WA",Northwest,Stockout Risk,Food & Beverage,Delayed,high,59.85,5.86,1601.62,86,66,14,2024-04-28,"Safety stock breach detected at Seattle, WA for Food & Beverage category; replenishment order placed with S019."
INC00130,S013,"San Jose, CA",West,Supplier Delay,Electronics,In-Transit,critical,122.48,19.49,2011.35,14,18,30,2024-05-02,Supplier S013 experiencing raw material shortage resulting in 19-day shipment delay for Electronics components.
INC00299,S014,"Houston, TX",South,Quality Issue,Consumer Goods,In-Transit,high,303.42,7.16,1416.93,102,72,13,2024-05-02,"Product recall risk identified for Consumer Goods batch from S014 — proactive hold at Houston, TX."
INC00362,S009,"San Jose, CA",West,Demand Spike,Raw Materials,Critical Delay,critical,89.57,11.15,2763.12,110,125,16,2024-05-02,"Unexpected Raw Materials demand increase at San Jose, CA region — 125 units ordered vs 89 in stock."
INC00172,S012,"Seattle, WA",Northwest,Port Congestion,Industrial Equipment,In-Transit,high,78.67,4.31,1126.12,155,193,8,2024-05-04,"Vessel berthing delays at Seattle, WA port increasing transit times by 4 days."
INC00047,S001,"Los Angeles, CA",West,Weather Disruption,Consumer Goods,Delivered,critical,11.42,14.7,964.13,173,184,22,2024-05-04,"Flooding at Los Angeles, CA warehouse facility causing 14-day shutdown and inventory relocation."
INC00150,S020,"Chicago, IL",Midwest,Demand Spike,Electronics,In-Transit,critical,4.81,12.29,395.48,97,103,22,2024-05-07,"Unexpected Electronics demand increase at Chicago, IL region — 103 units ordered vs 4 in stock."
INC00041,S018,"Austin, TX",South,Transportation Issue,Food & Beverage,Delivered,high,55.72,4.07,1603.91,230,252,8,2024-05-07,"Carrier capacity constraints impacting shipments from S018 to Austin, TX — 4-day estimated delay."
INC00162,S016,"Phoenix, AZ",Southwest,Supplier Delay,Consumer Goods,In-Transit,critical,11.31,10.88,1239.3,175,131,17,2024-05-07,S016 reported production line shutdown due to equipment failure causing 10-day delivery delay.
INC00340,S019,"Austin, TX",South,Stockout Risk,Automotive Parts,Delayed,medium,170.96,6.35,1016.78,247,321,14,2024-05-09,"Austin, TX distribution center reporting Automotive Parts stock depletion risk within 6 days at current consumption rate."
INC00216,S013,"San Antonio, TX",South,Port Congestion,Medical Supplies,Delayed,low,377.45,2.0,1169.82,146,201,3,2024-05-10,"Vessel berthing delays at San Antonio, TX port increasing transit times by 1 days."
INC00173,S007,"Chicago, IL",Midwest,Transportation Issue,Raw Materials,Critical Delay,critical,17.87,41.73,2352.3,154,182,103,2024-05-12,"Carrier capacity constraints impacting shipments from S007 to Chicago, IL — 41-day estimated delay."
INC00112,S018,"Houston, TX",South,Transportation Issue,Consumer Goods,On-Time,critical,43.3,0.33,1138.82,260,306,1,2024-05-13,"Truck fleet shortage affecting last-mile delivery from Houston, TX, 0-day delay on Consumer Goods orders."
INC00280,S001,"Los Angeles, CA",West,Stockout Risk,Raw Materials,Delivered,medium,222.64,2.36,975.11,17,21,4,2024-05-15,"Demand surge exceeding supply at Los Angeles, CA — Raw Materials inventory at 222 units vs 21 forecasted demand."
INC00245,S013,"Philadelphia, PA",Northeast,Quality Issue,Automotive Parts,Delivered,medium,251.32,3.56,1488.22,244,308,5,2024-05-15,Material specification deviation in S013 Automotive Parts delivery requiring re-inspection and approval.
INC00282,S013,"Austin, TX",South,Demand Spike,Consumer Goods,On-Time,high,107.69,0.2,1446.99,273,312,1,2024-05-15,"Unexpected Consumer Goods demand increase at Austin, TX region — 312 units ordered vs 107 in stock."
INC00283,S019,"Houston, TX",South,Customs Delay,Electronics,Delayed,low,676.48,1.63,1115.7,213,226,2,2024-05-15,"Customs documentation error for S019 shipment causing 1-day clearance delay at Houston, TX."
INC00397,S017,"Phoenix, AZ",Southwest,Quality Issue,Consumer Goods,Critical Delay,critical,42.0,18.76,1661.48,172,153,44,2024-05-15,"Product recall risk identified for Consumer Goods batch from S017 — proactive hold at Phoenix, AZ."
INC00581,S005,"Chicago, IL",Midwest,Supplier Delay,Automotive Parts,Delayed,high,198.02,9.11,2070.87,170,167,22,2024-05-19,Quality control issues at S005 facility halted production for 9 days pending inspection.
INC00284,S016,"Los Angeles, CA",West,Transportation Issue,Pharmaceuticals,In-Transit,high,401.18,8.61,1362.61,207,157,20,2024-05-20,"Truck fleet shortage affecting last-mile delivery from Los Angeles, CA, 8-day delay on Pharmaceuticals orders."
INC00316,S020,"San Jose, CA",West,Transportation Issue,Industrial Equipment,In-Transit,high,392.25,7.25,1712.87,112,89,11,2024-05-20,"Fuel price spike increasing transportation costs by 7.1% for San Jose, CA region shipments."
INC00304,S013,"Seattle, WA",Northwest,Demand Spike,Automotive Parts,Delivered,critical,0.32,10.79,648.98,59,70,13,2024-05-25,"B2B bulk order from key account straining Automotive Parts availability across Seattle, WA distribution network."
INC00125,S009,"New York, NY",Northeast,Stockout Risk,Industrial Equipment,Delayed,medium,294.28,2.12,432.77,319,326,3,2024-05-26,"Safety stock breach detected at New York, NY for Industrial Equipment category; replenishment order placed with S009."
INC00188,S020,"Los Angeles, CA",West,Stockout Risk,Automotive Parts,In-Transit,critical,2.24,0.23,1720.26,157,112,1,2024-05-27,"Safety stock breach detected at Los Angeles, CA for Automotive Parts category; replenishment order placed with S020."
INC00568,S019,"Chicago, IL",Midwest,Port Congestion,Raw Materials,Delayed,critical,596.33,16.23,1877.72,135,121,39,2024-05-27,"Labor strike at Chicago, IL port operations causing significant 16-day shipping delays."
INC00344,S010,"Dallas, TX",South,Quality Issue,Pharmaceuticals,Critical Delay,critical,414.48,12.64,588.93,299,385,19,2024-05-27,Material specification deviation in S010 Pharmaceuticals delivery requiring re-inspection and approval.
INC00275,S004,"Chicago, IL",Midwest,Weather Disruption,Electronics,In-Transit,medium,224.62,5.35,679.87,182,174,7,2024-05-29,"Hurricane warning at Chicago, IL port resulting in 5-day suspension of loading operations."
INC00189,S007,"San Jose, CA",West,Weather Disruption,Electronics,On-Time,high,117.3,3.2,1939.27,286,289,5,2024-06-01,"Winter storm affecting ground transportation near San Jose, CA, 3-day delivery delay expected."
INC00485,S018,"New York, NY",Northeast,Stockout Risk,Automotive Parts,On-Time,medium,236.54,3.46,2166.95,354,454,5,2024-06-03,"Demand surge exceeding supply at New York, NY — Automotive Parts inventory at 236 units vs 454 forecasted demand."
INC00050,S010,"Houston, TX",South,Demand Spike,Food & Beverage,Delayed,critical,17.01,0.13,1036.91,332,272,1,2024-06-05,"Seasonal demand surge for Food & Beverage exceeding forecast by 10.3% at Houston, TX fulfillment center."
INC00244,S003,"San Jose, CA",West,Demand Spike,Consumer Goods,On-Time,critical,11.3,5.71,1563.23,93,111,12,2024-06-06,"Seasonal demand surge for Consumer Goods exceeding forecast by 18.3% at San Jose, CA fulfillment center."
INC00030,S017,"New York, NY",Northeast,Demand Spike,Automotive Parts,On-Time,high,81.01,0.6,1988.11,101,128,1,2024-06-08,"Unexpected Automotive Parts demand increase at New York, NY region — 128 units ordered vs 81 in stock."
INC00563,S007,"Philadelphia, PA",Northeast,Transportation Issue,Consumer Goods,Critical Delay,critical,453.02,11.29,2007.91,239,301,17,2024-06-10,"Fuel price spike increasing transportation costs by 28.5% for Philadelphia, PA region shipments."
INC00528,S005,"Phoenix, AZ",Southwest,Stockout Risk,Pharmaceuticals,Delivered,high,116.68,0.09,3072.48,111,126,1,2024-06-10,"Phoenix, AZ distribution center reporting Pharmaceuticals stock depletion risk within 0 days at current consumption rate."
INC00048,S015,"Chicago, IL",Midwest,Customs Delay,Food & Beverage,In-Transit,high,72.94,12.95,2933.42,347,397,24,2024-06-11,"Tariff classification dispute for S015 shipment adding 12-day delay at Chicago, IL customs."
INC00010,S013,"Philadelphia, PA",Northeast,Transportation Issue,Medical Supplies,On-Time,high,65.44,0.23,894.55,73,64,1,2024-06-12,"Truck fleet shortage affecting last-mile delivery from Philadelphia, PA, 0-day delay on Medical Supplies orders."
INC00081,S006,"San Jose, CA",West,Weather Disruption,Raw Materials,Critical Delay,critical,1309.28,18.46,472.12,308,424,38,2024-06-13,"Flooding at San Jose, CA warehouse facility causing 18-day shutdown and inventory relocation."
INC00399,S010,"San Antonio, TX",South,Supplier Delay,Automotive Parts,Delayed,critical,198.15,23.9,436.18,300,270,51,2024-06-13,S010 reported production line shutdown due to equipment failure causing 23-day delivery delay.
INC00176,S019,"Chicago, IL",Midwest,Stockout Risk,Pharmaceuticals,In-Transit,critical,9.1,9.91,1826.1,286,310,15,2024-06-14,"Inventory for Pharmaceuticals at Chicago, IL warehouse approaching critical threshold — current level at 9 units."
INC00432,S017,"San Antonio, TX",South,Quality Issue,Food & Beverage,Delayed,high,93.43,9.02,1362.84,120,125,12,2024-06-18,Batch quality failure detected for Food & Beverage from S017 — 9-day hold pending quality review.
INC00192,S010,"Seattle, WA",Northwest,Supplier Delay,Raw Materials,Critical Delay,critical,49.13,6.79,1431.25,250,286,13,2024-06-23,Supplier S010 experiencing raw material shortage resulting in 6-day shipment delay for Raw Materials components.
INC00237,S003,"Austin, TX",South,Supplier Delay,Automotive Parts,Delayed,medium,330.98,4.83,150.54,145,189,5,2024-06-24,Quality control issues at S003 facility halted production for 4 days pending inspection.
INC00178,S018,"Phoenix, AZ",Southwest,Stockout Risk,Industrial Equipment,On-Time,high,68.35,1.24,1189.43,217,281,2,2024-06-24,"Phoenix, AZ distribution center reporting Industrial Equipment stock depletion risk within 1 days at current consumption rate."
INC00353,S007,"Phoenix, AZ",Southwest,Weather Disruption,Electronics,Delivered,low,586.3,1.0,1617.59,225,284,1,2024-06-26,"Severe weather event impacting Phoenix, AZ region causing 1-day operational disruption."
INC00325,S005,"Chicago, IL",Midwest,Weather Disruption,Raw Materials,Delayed,high,247.13,7.84,1322.68,212,253,15,2024-06-28,"Winter storm affecting ground transportation near Chicago, IL, 7-day delivery delay expected."
INC00205,S015,"Austin, TX",South,Demand Spike,Medical Supplies,Delayed,medium,275.22,2.68,2339.61,273,197,5,2024-06-28,"Flash sale event triggering 24.9% above-forecast demand for Medical Supplies — inventory risk at Austin, TX."
INC00136,S005,"Houston, TX",South,Port Congestion,Medical Supplies,Delayed,high,448.2,8.2,100.0,287,281,16,2024-06-30,"Vessel berthing delays at Houston, TX port increasing transit times by 8 days."
INC00596,S009,"Austin, TX",South,Weather Disruption,Raw Materials,Critical Delay,critical,548.24,1.0,1472.69,166,143,2,2024-07-03,"Hurricane warning at Austin, TX port resulting in 1-day suspension of loading operations."
INC00483,S014,"Austin, TX",South,Transportation Issue,Industrial Equipment,Critical Delay,critical,59.26,19.31,207.99,287,227,44,2024-07-05,"Carrier capacity constraints impacting shipments from S014 to Austin, TX — 19-day estimated delay."
INC00360,S010,"Chicago, IL",Midwest,Stockout Risk,Industrial Equipment,Delayed,high,211.18,10.96,1659.09,251,321,21,2024-07-06,"Safety stock breach detected at Chicago, IL for Industrial Equipment category; replenishment order placed with S010."
INC00025,S019,"Seattle, WA",Northwest,Supplier Delay,Food & Beverage,Delayed,high,82.16,1.88,1703.89,199,173,3,2024-07-09,Supplier S019 experiencing raw material shortage resulting in 1-day shipment delay for Food & Beverage components.
INC00336,S013,"San Diego, CA",West,Customs Delay,Industrial Equipment,Critical Delay,critical,97.26,22.44,1299.13,167,138,38,2024-07-10,Trade compliance review triggered for Industrial Equipment shipment from S013 — 22-day estimated hold.
INC00481,S016,"San Diego, CA",West,Demand Spike,Electronics,In-Transit,medium,169.9,0.13,589.28,171,204,1,2024-07-12,"Seasonal demand surge for Electronics exceeding forecast by 32.9% at San Diego, CA fulfillment center."
INC00145,S017,"Los Angeles, CA",West,Weather Disruption,Food & Beverage,Delayed,high,104.64,6.68,1173.05,231,302,14,2024-07-15,"Hurricane warning at Los Angeles, CA port resulting in 6-day suspension of loading operations."
INC00466,S006,"San Jose, CA",West,Stockout Risk,Consumer Goods,Critical Delay,critical,16.44,2.02,2122.23,259,299,4,2024-07-19,"San Jose, CA distribution center reporting Consumer Goods stock depletion risk within 2 days at current consumption rate."
INC00514,S002,"Dallas, TX",South,Weather Disruption,Industrial Equipment,Delayed,high,102.4,4.41,1559.76,67,72,8,2024-07-21,"Hurricane warning at Dallas, TX port resulting in 4-day suspension of loading operations."
INC00252,S011,"Phoenix, AZ",Southwest,Customs Delay,Consumer Goods,Delayed,high,270.77,12.64,1017.8,331,330,30,2024-07-23,"Tariff classification dispute for S011 shipment adding 12-day delay at Phoenix, AZ customs."
INC00520,S018,"San Diego, CA",West,Stockout Risk,Electronics,Delivered,critical,8.73,0.9,1567.26,339,275,1,2024-07-24,"Inventory for Electronics at San Diego, CA warehouse approaching critical threshold — current level at 8 units."
INC00374,S020,"Los Angeles, CA",West,Demand Spike,Automotive Parts,Delayed,critical,43.82,2.71,1421.25,206,155,6,2024-07-25,"Seasonal demand surge for Automotive Parts exceeding forecast by 32.2% at Los Angeles, CA fulfillment center."
INC00459,S006,"Seattle, WA",Northwest,Transportation Issue,Raw Materials,Delayed,high,63.81,12.52,1508.56,123,105,18,2024-07-26,"Route disruption due to road construction near Seattle, WA increasing delivery time by 12 days."
INC00527,S010,"San Jose, CA",West,Quality Issue,Raw Materials,On-Time,high,69.3,2.49,1420.75,214,225,5,2024-07-26,"S010 reported defect rate of 25.3% in recent Raw Materials shipment, return and rework initiated."
INC00226,S002,"Los Angeles, CA",West,Transportation Issue,Consumer Goods,In-Transit,medium,181.95,3.62,2753.02,188,149,8,2024-08-04,"Carrier capacity constraints impacting shipments from S002 to Los Angeles, CA — 3-day estimated delay."
INC00074,S010,"San Jose, CA",West,Weather Disruption,Industrial Equipment,On-Time,low,1050.76,1.0,1541.79,278,387,1,2024-08-04,"Severe weather event impacting San Jose, CA region causing 1-day operational disruption."
INC00507,S001,"Seattle, WA",Northwest,Supplier Delay,Industrial Equipment,Delayed,medium,221.1,0.35,1910.0,183,202,1,2024-08-07,"S001 labor dispute affecting production capacity, estimated 0-day delay on outstanding orders."
INC00598,S008,"Seattle, WA",Northwest,Demand Spike,Industrial Equipment,On-Time,critical,148.18,19.4,2357.47,150,118,38,2024-08-10,"Unexpected Industrial Equipment demand increase at Seattle, WA region — 118 units ordered vs 148 in stock."
INC00490,S018,"Dallas, TX",South,Port Congestion,Industrial Equipment,On-Time,medium,300.13,3.26,2412.2,160,123,7,2024-08-11,"Customs inspection backlog at Dallas, TX customs facility delaying Industrial Equipment clearance by 3 days."
INC00129,S004,"Philadelphia, PA",Northeast,Weather Disruption,Automotive Parts,Critical Delay,critical,779.36,1.0,3023.21,241,236,1,2024-08-13,"Flooding at Philadelphia, PA warehouse facility causing 1-day shutdown and inventory relocation."
INC00017,S012,"San Diego, CA",West,Customs Delay,Automotive Parts,Delayed,critical,34.25,23.81,648.75,283,298,35,2024-08-13,"Customs documentation error for S012 shipment causing 23-day clearance delay at San Diego, CA."
INC00422,S010,"Seattle, WA",Northwest,Stockout Risk,Food & Beverage,Delivered,high,116.16,12.04,1734.28,191,145,18,2024-08-14,"Seattle, WA distribution center reporting Food & Beverage stock depletion risk within 12 days at current consumption rate."
INC00389,S003,"San Jose, CA",West,Demand Spike,Consumer Goods,Critical Delay,critical,175.28,15.61,1918.17,173,194,19,2024-08-16,"Flash sale event triggering 17.7% above-forecast demand for Consumer Goods — inventory risk at San Jose, CA."
INC00386,S016,"San Diego, CA",West,Stockout Risk,Automotive Parts,Delayed,critical,15.15,1.23,1484.16,222,262,1,2024-08-16,"Safety stock breach detected at San Diego, CA for Automotive Parts category; replenishment order placed with S016."
INC00431,S009,"Seattle, WA",Northwest,Demand Spike,Medical Supplies,Delayed,high,72.54,1.69,1173.53,186,144,2,2024-08-16,"Unexpected Medical Supplies demand increase at Seattle, WA region — 144 units ordered vs 72 in stock."
INC00152,S015,"Philadelphia, PA",Northeast,Supplier Delay,Pharmaceuticals,Critical Delay,critical,102.2,5.27,914.48,284,311,6,2024-08-17,Supplier S015 experiencing raw material shortage resulting in 5-day shipment delay for Pharmaceuticals components.
INC00525,S010,"Houston, TX",South,Demand Spike,Electronics,In-Transit,high,76.04,3.47,2109.14,180,205,8,2024-08-18,"Unexpected Electronics demand increase at Houston, TX region — 205 units ordered vs 76 in stock."
INC00453,S007,"Dallas, TX",South,Supplier Delay,Automotive Parts,Delayed,critical,2.72,2.21,749.76,248,229,4,2024-08-19,"S007 labor dispute affecting production capacity, estimated 2-day delay on outstanding orders."
INC00037,S013,"New York, NY",Northeast,Customs Delay,Consumer Goods,In-Transit,high,475.15,12.82,1341.21,417,348,28,2024-08-21,New import regulations requiring additional certification for Consumer Goods category — 12-day processing time.
INC00079,S018,"San Diego, CA",West,Customs Delay,Automotive Parts,In-Transit,critical,53.24,26.99,1945.18,318,315,33,2024-08-22,New import regulations requiring additional certification for Automotive Parts category — 26-day processing time.
INC00238,S003,"San Diego, CA",West,Weather Disruption,Food & Beverage,In-Transit,high,219.62,7.63,666.26,68,75,18,2024-08-23,"Severe weather event impacting San Diego, CA region causing 7-day operational disruption."
INC00375,S012,"Seattle, WA",Northwest,Weather Disruption,Industrial Equipment,Delayed,low,852.78,1.0,845.76,312,348,1,2024-08-28,"Hurricane warning at Seattle, WA port resulting in 1-day suspension of loading operations."
INC00583,S018,"San Diego, CA",West,Weather Disruption,Food & Beverage,Delayed,high,57.89,2.61,1289.28,414,476,6,2024-08-30,"Severe weather event impacting San Diego, CA region causing 2-day operational disruption."
INC00022,S015,"Dallas, TX",South,Port Congestion,Electronics,Critical Delay,critical,75.35,7.31,1771.76,186,172,17,2024-08-30,"Port congestion at Dallas, TX terminal causing 7-day backlog for incoming shipments."
INC00327,S002,"Chicago, IL",Midwest,Quality Issue,Consumer Goods,On-Time,medium,331.71,3.1,2561.92,117,126,6,2024-08-31,Material specification deviation in S002 Consumer Goods delivery requiring re-inspection and approval.
INC00427,S008,"San Jose, CA",West,Demand Spike,Medical Supplies,Delayed,high,53.87,2.3,1195.12,188,232,2,2024-09-01,"B2B bulk order from key account straining Medical Supplies availability across San Jose, CA distribution network."
INC00292,S007,"Chicago, IL",Midwest,Quality Issue,Pharmaceuticals,In-Transit,low,859.81,1.38,1367.25,177,233,2,2024-09-01,Batch quality failure detected for Pharmaceuticals from S007 — 1-day hold pending quality review.
INC00057,S008,"Austin, TX",South,Port Congestion,Electronics,In-Transit,critical,257.03,28.38,1130.92,368,398,56,2024-09-01,"Vessel berthing delays at Austin, TX port increasing transit times by 28 days."
INC00199,S016,"Houston, TX",South,Transportation Issue,Industrial Equipment,Critical Delay,critical,202.94,0.33,545.16,245,308,1,2024-09-02,"Route disruption due to road construction near Houston, TX increasing delivery time by 0 days."
INC00182,S005,"Philadelphia, PA",Northeast,Quality Issue,Food & Beverage,On-Time,low,419.17,0.86,1277.81,133,162,1,2024-09-04,"Product recall risk identified for Food & Beverage batch from S005 — proactive hold at Philadelphia, PA."
INC00247,S020,"San Jose, CA",West,Quality Issue,Pharmaceuticals,Delayed,medium,646.78,3.11,1799.78,96,94,5,2024-09-05,Batch quality failure detected for Pharmaceuticals from S020 — 3-day hold pending quality review.
INC00180,S007,"San Jose, CA",West,Weather Disruption,Electronics,Critical Delay,critical,250.23,19.01,1644.01,224,260,30,2024-09-07,"Winter storm affecting ground transportation near San Jose, CA, 19-day delivery delay expected."
INC00217,S008,"New York, NY",Northeast,Supplier Delay,Industrial Equipment,Critical Delay,critical,578.04,3.39,1826.16,170,171,7,2024-09-10,Quality control issues at S008 facility halted production for 3 days pending inspection.
INC00328,S012,"Philadelphia, PA",Northeast,Stockout Risk,Automotive Parts,Critical Delay,critical,154.31,3.59,1390.26,309,227,5,2024-09-12,"Safety stock breach detected at Philadelphia, PA for Automotive Parts category; replenishment order placed with S012."
INC00034,S018,"Chicago, IL",Midwest,Weather Disruption,Medical Supplies,Delayed,high,76.18,10.49,1049.29,109,133,15,2024-09-12,"Severe weather event impacting Chicago, IL region causing 10-day operational disruption."
INC00487,S002,"Philadelphia, PA",Northeast,Port Congestion,Medical Supplies,In-Transit,high,109.92,5.18,586.58,289,350,7,2024-09-13,"Port congestion at Philadelphia, PA terminal causing 5-day backlog for incoming shipments."
INC00098,S001,"San Diego, CA",West,Demand Spike,Medical Supplies,Delivered,high,62.09,5.55,2924.49,175,167,9,2024-09-13,"Flash sale event triggering 27.4% above-forecast demand for Medical Supplies — inventory risk at San Diego, CA."
INC00235,S010,"New York, NY",Northeast,Weather Disruption,Medical Supplies,On-Time,critical,1.73,4.92,733.19,68,80,9,2024-09-15,"Hurricane warning at New York, NY port resulting in 4-day suspension of loading operations."
INC00198,S013,"San Antonio, TX",South,Quality Issue,Medical Supplies,On-Time,critical,37.43,1.6,1094.16,344,289,2,2024-09-19,Batch quality failure detected for Medical Supplies from S013 — 1-day hold pending quality review.
INC00064,S015,"San Jose, CA",West,Weather Disruption,Food & Beverage,In-Transit,high,147.9,8.52,1694.5,189,258,14,2024-09-21,"Hurricane warning at San Jose, CA port resulting in 8-day suspension of loading operations."
INC00519,S010,"San Diego, CA",West,Customs Delay,Electronics,Critical Delay,critical,282.9,2.61,907.31,242,286,4,2024-09-21,Trade compliance review triggered for Electronics shipment from S010 — 2-day estimated hold.
INC00549,S002,"Los Angeles, CA",West,Port Congestion,Raw Materials,Critical Delay,critical,117.04,55.62,1302.33,258,343,128,2024-09-22,"Customs inspection backlog at Los Angeles, CA customs facility delaying Raw Materials clearance by 55 days."
INC00479,S019,"San Antonio, TX",South,Demand Spike,Food & Beverage,Delayed,high,293.92,9.71,2134.92,275,300,16,2024-09-23,"Unexpected Food & Beverage demand increase at San Antonio, TX region — 300 units ordered vs 293 in stock."
INC00105,S018,"Philadelphia, PA",Northeast,Port Congestion,Pharmaceuticals,Delayed,medium,279.25,3.36,1109.61,161,133,7,2024-09-25,"Labor strike at Philadelphia, PA port operations causing significant 3-day shipping delays."
INC00076,S016,"Phoenix, AZ",Southwest,Supplier Delay,Consumer Goods,Delayed,high,296.3,10.53,1433.44,278,315,15,2024-09-27,Quality control issues at S016 facility halted production for 10 days pending inspection.
INC00179,S020,"Seattle, WA",Northwest,Quality Issue,Electronics,On-Time,medium,196.52,4.49,1206.34,283,332,9,2024-09-28,Batch quality failure detected for Electronics from S020 — 4-day hold pending quality review.
INC00028,S010,"San Diego, CA",West,Quality Issue,Automotive Parts,Critical Delay,critical,268.13,13.58,1505.49,170,145,20,2024-09-28,Batch quality failure detected for Automotive Parts from S010 — 13-day hold pending quality review.
INC00458,S003,"San Antonio, TX",South,Quality Issue,Automotive Parts,On-Time,high,86.71,4.15,2327.23,100,86,9,2024-10-02,"Product recall risk identified for Automotive Parts batch from S003 — proactive hold at San Antonio, TX."
INC00345,S020,"San Jose, CA",West,Weather Disruption,Electronics,In-Transit,medium,191.19,3.93,957.78,225,263,7,2024-10-02,"Hurricane warning at San Jose, CA port resulting in 3-day suspension of loading operations."
INC00589,S020,"New York, NY",Northeast,Demand Spike,Raw Materials,Critical Delay,critical,16.49,24.54,1820.89,298,365,49,2024-10-08,"Flash sale event triggering 13.8% above-forecast demand for Raw Materials — inventory risk at New York, NY."
INC00356,S012,"Dallas, TX",South,Demand Spike,Industrial Equipment,Delayed,critical,35.27,0.06,368.88,176,196,1,2024-10-10,"Flash sale event triggering 39.6% above-forecast demand for Industrial Equipment — inventory risk at Dallas, TX."
INC00600,S006,"Los Angeles, CA",West,Stockout Risk,Industrial Equipment,Critical Delay,critical,42.32,21.04,2420.31,211,182,50,2024-10-10,"Inventory for Industrial Equipment at Los Angeles, CA warehouse approaching critical threshold — current level at 42 units."
INC00068,S009,"Houston, TX",South,Port Congestion,Consumer Goods,Critical Delay,critical,288.87,17.25,1646.98,159,119,37,2024-10-10,"Vessel berthing delays at Houston, TX port increasing transit times by 17 days."
INC00080,S019,"San Jose, CA",West,Supplier Delay,Industrial Equipment,In-Transit,low,603.12,0.23,1455.83,177,224,1,2024-10-11,Supplier S019 experiencing raw material shortage resulting in 0-day shipment delay for Industrial Equipment components.
INC00318,S019,"Dallas, TX",South,Quality Issue,Pharmaceuticals,On-Time,critical,85.1,28.41,995.83,126,155,64,2024-10-14,"S019 reported defect rate of 6.0% in recent Pharmaceuticals shipment, return and rework initiated."
INC00552,S014,"San Antonio, TX",South,Supplier Delay,Food & Beverage,In-Transit,low,1813.24,1.38,1441.6,159,125,2,2024-10-15,Supplier S014 experiencing raw material shortage resulting in 1-day shipment delay for Food & Beverage components.
INC00476,S017,"Los Angeles, CA",West,Port Congestion,Industrial Equipment,Delayed,critical,32.45,17.57,114.49,212,286,26,2024-10-17,"Labor strike at Los Angeles, CA port operations causing significant 17-day shipping delays."
INC00471,S006,"Phoenix, AZ",Southwest,Quality Issue,Food & Beverage,Delayed,low,566.0,2.75,862.62,104,124,4,2024-10-20,Material specification deviation in S006 Food & Beverage delivery requiring re-inspection and approval.
INC00138,S010,"Phoenix, AZ",Southwest,Supplier Delay,Food & Beverage,Delayed,critical,7.71,0.85,2061.41,301,216,1,2024-10-20,Quality control issues at S010 facility halted production for 0 days pending inspection.
INC00290,S016,"Los Angeles, CA",West,Supplier Delay,Automotive Parts,Delayed,high,276.3,10.48,1947.48,247,286,17,2024-10-20,S016 reported production line shutdown due to equipment failure causing 10-day delivery delay.
INC00100,S010,"New York, NY",Northeast,Weather Disruption,Industrial Equipment,In-Transit,medium,215.03,2.78,1423.25,123,131,6,2024-10-20,"Severe weather event impacting New York, NY region causing 2-day operational disruption."
INC00457,S008,"Austin, TX",South,Transportation Issue,Food & Beverage,Delayed,critical,751.87,15.07,380.08,280,350,23,2024-10-21,"Truck fleet shortage affecting last-mile delivery from Austin, TX, 15-day delay on Food & Beverage orders."
INC00122,S018,"Philadelphia, PA",Northeast,Port Congestion,Pharmaceuticals,Critical Delay,critical,408.71,4.19,2405.86,232,304,8,2024-10-21,"Labor strike at Philadelphia, PA port operations causing significant 4-day shipping delays."
INC00306,S004,"Dallas, TX",South,Stockout Risk,Pharmaceuticals,Critical Delay,critical,112.85,10.41,2616.79,350,392,14,2024-10-25,"Demand surge exceeding supply at Dallas, TX — Pharmaceuticals inventory at 112 units vs 392 forecasted demand."
INC00095,S004,"Austin, TX",South,Port Congestion,Raw Materials,On-Time,high,55.51,4.53,1435.78,117,98,10,2024-10-27,"Port congestion at Austin, TX terminal causing 4-day backlog for incoming shipments."
INC00407,S017,"Chicago, IL",Midwest,Weather Disruption,Pharmaceuticals,Delayed,critical,401.67,14.65,1115.11,234,287,23,2024-10-27,"Hurricane warning at Chicago, IL port resulting in 14-day suspension of loading operations."
INC00416,S013,"Austin, TX",South,Supplier Delay,Raw Materials,On-Time,medium,344.29,3.32,2006.02,244,308,7,2024-10-29,Quality control issues at S013 facility halted production for 3 days pending inspection.
INC00196,S011,"Dallas, TX",South,Quality Issue,Industrial Equipment,Delayed,high,442.11,9.31,1885.63,306,242,14,2024-10-31,"S011 reported defect rate of 14.8% in recent Industrial Equipment shipment, return and rework initiated."
INC00310,S020,"New York, NY",Northeast,Transportation Issue,Food & Beverage,Critical Delay,critical,399.16,76.87,1613.91,246,244,97,2024-11-02,"Carrier capacity constraints impacting shipments from S020 to New York, NY — 76-day estimated delay."
INC00190,S020,"Dallas, TX",South,Stockout Risk,Food & Beverage,Delayed,high,118.31,2.78,762.08,185,232,6,2024-11-02,"Demand surge exceeding supply at Dallas, TX — Food & Beverage inventory at 118 units vs 232 forecasted demand."
INC00346,S012,"New York, NY",Northeast,Quality Issue,Industrial Equipment,In-Transit,low,347.82,0.36,1669.97,179,153,1,2024-11-03,Batch quality failure detected for Industrial Equipment from S012 — 0-day hold pending quality review.
INC00571,S005,"Dallas, TX",South,Port Congestion,Pharmaceuticals,In-Transit,low,509.44,2.61,1100.23,185,156,3,2024-11-05,"Customs inspection backlog at Dallas, TX customs facility delaying Pharmaceuticals clearance by 2 days."
INC00558,S004,"Phoenix, AZ",Southwest,Quality Issue,Electronics,Delayed,critical,1629.97,47.63,2171.07,243,291,108,2024-11-05,"S004 reported defect rate of 18.0% in recent Electronics shipment, return and rework initiated."
INC00536,S013,"Seattle, WA",Northwest,Supplier Delay,Pharmaceuticals,Critical Delay,critical,384.84,5.35,1890.91,108,112,9,2024-11-07,S013 reported production line shutdown due to equipment failure causing 5-day delivery delay.
INC00072,S003,"San Antonio, TX",South,Customs Delay,Automotive Parts,Critical Delay,critical,37.95,32.75,2262.68,261,289,63,2024-11-07,Trade compliance review triggered for Automotive Parts shipment from S003 — 32-day estimated hold.
INC00516,S004,"Austin, TX",South,Weather Disruption,Pharmaceuticals,Delayed,critical,916.1,20.9,1551.54,22,29,25,2024-11-08,"Winter storm affecting ground transportation near Austin, TX, 20-day delivery delay expected."
INC00423,S014,"Phoenix, AZ",Southwest,Quality Issue,Medical Supplies,Delayed,medium,204.26,2.45,2353.65,274,192,4,2024-11-08,Material specification deviation in S014 Medical Supplies delivery requiring re-inspection and approval.
INC00066,S008,"Seattle, WA",Northwest,Customs Delay,Raw Materials,On-Time,high,470.46,7.97,1492.65,128,94,16,2024-11-09,New import regulations requiring additional certification for Raw Materials category — 7-day processing time.
INC00067,S019,"Philadelphia, PA",Northeast,Customs Delay,Food & Beverage,Critical Delay,critical,174.77,14.33,1004.7,174,139,25,2024-11-09,New import regulations requiring additional certification for Food & Beverage category — 14-day processing time.
INC00576,S001,"Chicago, IL",Midwest,Stockout Risk,Raw Materials,Delayed,critical,31.97,4.35,800.6,201,228,9,2024-11-20,"Demand surge exceeding supply at Chicago, IL — Raw Materials inventory at 31 units vs 228 forecasted demand."
INC00220,S008,"Dallas, TX",South,Transportation Issue,Electronics,Delivered,high,1050.18,7.26,1546.09,97,90,15,2024-11-22,"Route disruption due to road construction near Dallas, TX increasing delivery time by 7 days."
INC00171,S007,"Los Angeles, CA",West,Stockout Risk,Automotive Parts,In-Transit,high,71.89,0.91,1599.87,239,268,2,2024-11-23,"Demand surge exceeding supply at Los Angeles, CA — Automotive Parts inventory at 71 units vs 268 forecasted demand."
INC00227,S007,"Seattle, WA",Northwest,Port Congestion,Raw Materials,Critical Delay,critical,9.13,35.04,936.92,251,294,52,2024-11-25,"Vessel berthing delays at Seattle, WA port increasing transit times by 35 days."
INC00278,S015,"Austin, TX",South,Quality Issue,Automotive Parts,Delayed,high,1117.34,8.09,1490.81,246,191,14,2024-11-26,Material specification deviation in S015 Automotive Parts delivery requiring re-inspection and approval.
INC00324,S005,"Los Angeles, CA",West,Quality Issue,Automotive Parts,Delivered,medium,281.35,2.15,1059.25,135,174,3,2024-11-26,Material specification deviation in S005 Automotive Parts delivery requiring re-inspection and approval.
INC00206,S020,"Austin, TX",South,Weather Disruption,Pharmaceuticals,Delayed,critical,16.01,16.18,1918.93,231,277,22,2024-11-27,"Severe weather event impacting Austin, TX region causing 16-day operational disruption."
INC00082,S011,"San Antonio, TX",South,Customs Delay,Industrial Equipment,Critical Delay,critical,546.66,20.0,543.34,152,112,32,2024-11-27,"Customs documentation error for S011 shipment causing 20-day clearance delay at San Antonio, TX."
INC00477,S015,"Austin, TX",South,Stockout Risk,Medical Supplies,Delayed,high,130.56,6.26,1989.64,194,230,14,2024-11-29,"Inventory for Medical Supplies at Austin, TX warehouse approaching critical threshold — current level at 130 units."
INC00055,S001,"Los Angeles, CA",West,Weather Disruption,Medical Supplies,Delayed,medium,287.02,6.99,1422.95,162,184,10,2024-11-30,"Winter storm affecting ground transportation near Los Angeles, CA, 6-day delivery delay expected."
INC00211,S003,"San Jose, CA",West,Port Congestion,Electronics,Delivered,low,315.23,2.98,1198.65,216,155,4,2024-12-01,"Vessel berthing delays at San Jose, CA port increasing transit times by 2 days."
INC00250,S007,"San Diego, CA",West,Port Congestion,Medical Supplies,Delivered,medium,265.01,1.01,1880.27,233,198,1,2024-12-03,"Customs inspection backlog at San Diego, CA customs facility delaying Medical Supplies clearance by 1 days."
INC00433,S008,"Los Angeles, CA",West,Demand Spike,Consumer Goods,Delayed,high,331.04,9.08,1453.58,201,205,15,2024-12-04,"Unexpected Consumer Goods demand increase at Los Angeles, CA region — 205 units ordered vs 331 in stock."
INC00420,S018,"San Diego, CA",West,Port Congestion,Industrial Equipment,On-Time,critical,19.42,4.47,984.93,290,223,8,2024-12-04,"Vessel berthing delays at San Diego, CA port increasing transit times by 4 days."
INC00404,S004,"San Antonio, TX",South,Supplier Delay,Pharmaceuticals,Delayed,critical,295.53,31.31,1488.77,168,198,47,2024-12-04,Supplier S004 experiencing raw material shortage resulting in 31-day shipment delay for Pharmaceuticals components.
INC00224,S005,"San Diego, CA",West,Supplier Delay,Pharmaceuticals,Critical Delay,critical,227.25,13.79,1939.58,193,177,21,2024-12-04,Supplier S005 experiencing raw material shortage resulting in 13-day shipment delay for Pharmaceuticals components.
INC00322,S018,"Phoenix, AZ",Southwest,Stockout Risk,Raw Materials,On-Time,low,397.91,0.64,562.47,157,190,1,2024-12-05,"Phoenix, AZ distribution center reporting Raw Materials stock depletion risk within 0 days at current consumption rate."
INC00492,S019,"Seattle, WA",Northwest,Customs Delay,Medical Supplies,On-Time,medium,155.05,5.07,1114.35,336,316,10,2024-12-12,Trade compliance review triggered for Medical Supplies shipment from S019 — 5-day estimated hold.
INC00447,S004,"Seattle, WA",Northwest,Transportation Issue,Raw Materials,Delivered,critical,13.47,0.91,645.63,178,130,1,2024-12-12,"Truck fleet shortage affecting last-mile delivery from Seattle, WA, 0-day delay on Raw Materials orders."
INC00159,S012,"Los Angeles, CA",West,Quality Issue,Consumer Goods,Critical Delay,critical,86.17,3.36,1757.77,216,178,5,2024-12-12,"Product recall risk identified for Consumer Goods batch from S012 — proactive hold at Los Angeles, CA."
INC00092,S015,"New York, NY",Northeast,Stockout Risk,Pharmaceuticals,Delivered,critical,7.89,3.39,2173.61,84,72,8,2024-12-12,"Inventory for Pharmaceuticals at New York, NY warehouse approaching critical threshold — current level at 7 units."
INC00134,S012,"Los Angeles, CA",West,Weather Disruption,Automotive Parts,Critical Delay,critical,209.26,22.83,1508.36,198,167,36,2024-12-13,"Severe weather event impacting Los Angeles, CA region causing 22-day operational disruption."
INC00572,S018,"San Diego, CA",West,Weather Disruption,Pharmaceuticals,On-Time,medium,189.96,3.95,478.67,162,203,6,2024-12-14,"Hurricane warning at San Diego, CA port resulting in 3-day suspension of loading operations."
INC00317,S014,"Houston, TX",South,Transportation Issue,Electronics,In-Transit,medium,417.54,5.35,1439.91,183,161,11,2024-12-18,"Carrier capacity constraints impacting shipments from S014 to Houston, TX — 5-day estimated delay."
INC00039,S018,"Philadelphia, PA",Northeast,Supplier Delay,Automotive Parts,Delayed,high,923.27,12.32,1425.52,259,356,24,2024-12-19,"S018 labor dispute affecting production capacity, estimated 12-day delay on outstanding orders."
INC00462,S009,"San Antonio, TX",South,Transportation Issue,Medical Supplies,In-Transit,medium,426.61,3.98,1967.56,176,239,4,2024-12-21,"Fuel price spike increasing transportation costs by 37.9% for San Antonio, TX region shipments."
INC00354,S020,"New York, NY",Northeast,Transportation Issue,Industrial Equipment,Delivered,medium,987.52,6.49,2033.2,157,140,10,2024-12-23,"Carrier capacity constraints impacting shipments from S020 to New York, NY — 6-day estimated delay."
INC00056,S011,"San Antonio, TX",South,Demand Spike,Pharmaceuticals,Delayed,high,281.73,12.9,1378.53,204,226,16,2024-12-24,"Unexpected Pharmaceuticals demand increase at San Antonio, TX region — 226 units ordered vs 281 in stock."
INC00597,S011,"Dallas, TX",South,Supplier Delay,Electronics,On-Time,low,386.86,0.59,589.7,260,213,1,2024-12-25,S011 reported production line shutdown due to equipment failure causing 0-day delivery delay.
INC00556,S002,"Dallas, TX",South,Demand Spike,Food & Beverage,On-Time,critical,25.99,4.35,2561.26,160,155,10,2024-12-28,"Flash sale event triggering 33.0% above-forecast demand for Food & Beverage — inventory risk at Dallas, TX."
INC00003,S001,"Chicago, IL",Midwest,Weather Disruption,Food & Beverage,On-Time,medium,1051.07,3.63,1151.47,157,130,6,2025-01-02,"Winter storm affecting ground transportation near Chicago, IL, 3-day delivery delay expected."
INC00428,S020,"Austin, TX",South,Stockout Risk,Medical Supplies,Delayed,high,212.16,9.5,1873.32,108,111,17,2025-01-02,"Austin, TX distribution center reporting Medical Supplies stock depletion risk within 9 days at current consumption rate."
INC00578,S013,"Chicago, IL",Midwest,Demand Spike,Electronics,Delayed,medium,150.08,3.07,1825.11,331,386,5,2025-01-02,"Unexpected Electronics demand increase at Chicago, IL region — 386 units ordered vs 150 in stock."
INC00400,S010,"Austin, TX",South,Demand Spike,Medical Supplies,Critical Delay,critical,86.1,7.17,1644.28,10,10,13,2025-01-02,"Flash sale event triggering 12.1% above-forecast demand for Medical Supplies — inventory risk at Austin, TX."
INC00451,S017,"Phoenix, AZ",Southwest,Transportation Issue,Electronics,Critical Delay,critical,194.39,6.34,1931.85,96,111,13,2025-01-03,"Route disruption due to road construction near Phoenix, AZ increasing delivery time by 6 days."
INC00546,S014,"Chicago, IL",Midwest,Stockout Risk,Industrial Equipment,Critical Delay,critical,150.52,4.52,2008.9,101,128,9,2025-01-03,"Chicago, IL distribution center reporting Industrial Equipment stock depletion risk within 4 days at current consumption rate."
INC00255,S015,"San Jose, CA",West,Customs Delay,Pharmaceuticals,In-Transit,critical,21.59,10.52,1640.27,75,98,23,2025-01-03,"Tariff classification dispute for S015 shipment adding 10-day delay at San Jose, CA customs."
INC00349,S017,"San Jose, CA",West,Supplier Delay,Medical Supplies,In-Transit,critical,614.86,17.43,1880.83,288,254,31,2025-01-04,S017 reported production line shutdown due to equipment failure causing 17-day delivery delay.
INC00210,S012,"San Antonio, TX",South,Customs Delay,Consumer Goods,Critical Delay,critical,206.86,36.81,940.07,260,363,69,2025-01-05,"Customs documentation error for S012 shipment causing 36-day clearance delay at San Antonio, TX."
INC00109,S004,"San Diego, CA",West,Weather Disruption,Industrial Equipment,Delayed,high,98.54,7.08,1161.27,119,118,10,2025-01-06,"Flooding at San Diego, CA warehouse facility causing 7-day shutdown and inventory relocation."
INC00166,S012,"San Jose, CA",West,Weather Disruption,Industrial Equipment,Critical Delay,critical,129.56,20.69,1194.09,10,11,41,2025-01-07,"Severe weather event impacting San Jose, CA region causing 20-day operational disruption."
INC00147,S005,"San Jose, CA",West,Weather Disruption,Medical Supplies,In-Transit,high,301.11,7.46,1602.52,185,256,9,2025-01-08,"Hurricane warning at San Jose, CA port resulting in 7-day suspension of loading operations."
INC00370,S013,"New York, NY",Northeast,Transportation Issue,Consumer Goods,Delayed,critical,363.46,24.68,1260.53,147,143,35,2025-01-10,"Truck fleet shortage affecting last-mile delivery from New York, NY, 24-day delay on Consumer Goods orders."
INC00270,S010,"Chicago, IL",Midwest,Customs Delay,Raw Materials,Delayed,critical,7.85,5.67,1533.99,242,333,10,2025-01-10,"Customs documentation error for S010 shipment causing 5-day clearance delay at Chicago, IL."
INC00361,S011,"Austin, TX",South,Port Congestion,Consumer Goods,Critical Delay,critical,254.43,14.87,413.98,144,144,34,2025-01-15,"Customs inspection backlog at Austin, TX customs facility delaying Consumer Goods clearance by 14 days."
INC00126,S019,"Austin, TX",South,Weather Disruption,Automotive Parts,Critical Delay,critical,49.94,20.57,2967.45,210,149,38,2025-01-20,"Severe weather event impacting Austin, TX region causing 20-day operational disruption."
INC00042,S010,"Dallas, TX",South,Demand Spike,Pharmaceuticals,Critical Delay,critical,119.41,4.77,2134.45,204,248,9,2025-01-23,"Seasonal demand surge for Pharmaceuticals exceeding forecast by 11.7% at Dallas, TX fulfillment center."
INC00243,S009,"San Diego, CA",West,Customs Delay,Consumer Goods,Delivered,high,111.89,1.3,906.22,275,272,2,2025-01-24,"Tariff classification dispute for S009 shipment adding 1-day delay at San Diego, CA customs."
INC00401,S015,"Los Angeles, CA",West,Transportation Issue,Pharmaceuticals,Critical Delay,critical,602.03,47.4,2216.37,173,213,59,2025-01-25,"Carrier capacity constraints impacting shipments from S015 to Los Angeles, CA — 47-day estimated delay."
INC00415,S003,"Philadelphia, PA",Northeast,Port Congestion,Industrial Equipment,Delayed,low,658.55,1.0,2812.49,96,109,2,2025-01-25,"Port congestion at Philadelphia, PA terminal causing 1-day backlog for incoming shipments."
INC00456,S016,"Houston, TX",South,Quality Issue,Raw Materials,In-Transit,critical,13.79,7.16,693.53,71,87,10,2025-01-26,Batch quality failure detected for Raw Materials from S016 — 7-day hold pending quality review.
INC00096,S012,"Philadelphia, PA",Northeast,Weather Disruption,Medical Supplies,Critical Delay,critical,210.0,25.37,1080.16,217,284,33,2025-01-26,"Hurricane warning at Philadelphia, PA port resulting in 25-day suspension of loading operations."
INC00141,S006,"New York, NY",Northeast,Transportation Issue,Raw Materials,Critical Delay,critical,151.84,5.51,1105.66,125,165,13,2025-01-31,"Route disruption due to road construction near New York, NY increasing delivery time by 5 days."
INC00358,S013,"Austin, TX",South,Quality Issue,Medical Supplies,Critical Delay,critical,61.49,0.41,1940.58,148,107,1,2025-02-01,"Product recall risk identified for Medical Supplies batch from S013 — proactive hold at Austin, TX."
INC00499,S002,"Chicago, IL",Midwest,Stockout Risk,Electronics,Delayed,medium,377.26,6.11,1268.77,233,272,12,2025-02-01,"Inventory for Electronics at Chicago, IL warehouse approaching critical threshold — current level at 377 units."
INC00023,S006,"San Antonio, TX",South,Customs Delay,Raw Materials,Delayed,medium,364.23,3.35,1488.87,66,60,4,2025-02-03,"Customs documentation error for S006 shipment causing 3-day clearance delay at San Antonio, TX."
INC00426,S019,"Houston, TX",South,Supplier Delay,Industrial Equipment,Delivered,critical,133.91,15.71,100.0,201,205,21,2025-02-05,Quality control issues at S019 facility halted production for 15 days pending inspection.
INC00417,S005,"Phoenix, AZ",Southwest,Quality Issue,Electronics,Delayed,medium,241.22,3.67,1735.45,159,141,7,2025-02-07,Batch quality failure detected for Electronics from S005 — 3-day hold pending quality review.
INC00553,S009,"Los Angeles, CA",West,Demand Spike,Industrial Equipment,Delayed,high,106.23,2.23,1700.32,314,288,3,2025-02-09,"Unexpected Industrial Equipment demand increase at Los Angeles, CA region — 288 units ordered vs 106 in stock."
INC00104,S010,"Seattle, WA",Northwest,Quality Issue,Automotive Parts,On-Time,high,135.33,5.19,351.73,275,382,11,2025-02-10,"S010 reported defect rate of 35.1% in recent Automotive Parts shipment, return and rework initiated."
INC00506,S014,"Seattle, WA",Northwest,Quality Issue,Consumer Goods,On-Time,medium,235.75,1.12,2350.21,254,309,1,2025-02-10,"Product recall risk identified for Consumer Goods batch from S014 — proactive hold at Seattle, WA."
INC00475,S003,"Houston, TX",South,Stockout Risk,Pharmaceuticals,On-Time,high,142.3,3.7,546.92,263,315,4,2025-02-10,"Demand surge exceeding supply at Houston, TX — Pharmaceuticals inventory at 142 units vs 315 forecasted demand."
INC00202,S003,"Austin, TX",South,Transportation Issue,Electronics,On-Time,critical,33.26,1.39,2941.22,198,235,1,2025-02-10,"Route disruption due to road construction near Austin, TX increasing delivery time by 1 days."
INC00251,S015,"Philadelphia, PA",Northeast,Weather Disruption,Medical Supplies,Critical Delay,critical,7.18,4.96,2078.33,376,324,7,2025-02-11,"Hurricane warning at Philadelphia, PA port resulting in 4-day suspension of loading operations."
INC00186,S016,"Phoenix, AZ",Southwest,Supplier Delay,Automotive Parts,In-Transit,high,125.51,5.01,1605.33,232,173,8,2025-02-14,"S016 labor dispute affecting production capacity, estimated 5-day delay on outstanding orders."
INC00449,S014,"Los Angeles, CA",West,Port Congestion,Industrial Equipment,On-Time,high,970.4,9.0,541.13,236,237,21,2025-02-14,"Port congestion at Los Angeles, CA terminal causing 9-day backlog for incoming shipments."
INC00504,S004,"Austin, TX",South,Quality Issue,Raw Materials,Delayed,critical,19.37,3.07,1909.23,318,372,4,2025-02-15,Batch quality failure detected for Raw Materials from S004 — 3-day hold pending quality review.
INC00261,S006,"Seattle, WA",Northwest,Transportation Issue,Medical Supplies,Delayed,critical,28.0,7.04,1580.12,187,233,10,2025-02-18,"Fuel price spike increasing transportation costs by 38.5% for Seattle, WA region shipments."
INC00413,S002,"Chicago, IL",Midwest,Demand Spike,Automotive Parts,Delayed,high,102.3,11.83,1341.29,39,33,21,2025-02-18,"Flash sale event triggering 19.3% above-forecast demand for Automotive Parts — inventory risk at Chicago, IL."
INC00435,S019,"Chicago, IL",Midwest,Stockout Risk,Electronics,On-Time,critical,1.77,0.67,1357.38,215,190,1,2025-02-19,"Chicago, IL distribution center reporting Electronics stock depletion risk within 0 days at current consumption rate."
INC00532,S020,"San Diego, CA",West,Quality Issue,Medical Supplies,Critical Delay,critical,488.19,11.6,1334.58,275,296,17,2025-02-22,"S020 reported defect rate of 10.7% in recent Medical Supplies shipment, return and rework initiated."
INC00391,S010,"Dallas, TX",South,Quality Issue,Automotive Parts,On-Time,medium,233.88,2.01,2539.51,378,466,4,2025-02-23,"S010 reported defect rate of 33.8% in recent Automotive Parts shipment, return and rework initiated."
INC00035,S004,"Philadelphia, PA",Northeast,Weather Disruption,Medical Supplies,On-Time,medium,567.59,3.08,979.42,211,202,6,2025-02-26,"Hurricane warning at Philadelphia, PA port resulting in 3-day suspension of loading operations."
INC00329,S003,"Philadelphia, PA",Northeast,Demand Spike,Automotive Parts,On-Time,high,73.27,1.5,1210.35,123,151,3,2025-02-27,"B2B bulk order from key account straining Automotive Parts availability across Philadelphia, PA distribution network."
INC00529,S011,"Los Angeles, CA",West,Port Congestion,Medical Supplies,In-Transit,critical,87.62,17.23,1668.38,340,436,40,2025-02-27,"Port congestion at Los Angeles, CA terminal causing 17-day backlog for incoming shipments."
INC00108,S008,"Dallas, TX",South,Stockout Risk,Pharmaceuticals,Critical Delay,critical,84.77,0.94,1816.99,216,235,2,2025-02-28,"Demand surge exceeding supply at Dallas, TX — Pharmaceuticals inventory at 84 units vs 235 forecasted demand."
INC00102,S002,"Phoenix, AZ",Southwest,Customs Delay,Electronics,Critical Delay,critical,663.62,1.0,2133.2,252,264,1,2025-03-01,"Customs documentation error for S002 shipment causing 1-day clearance delay at Phoenix, AZ."
INC00338,S004,"Los Angeles, CA",West,Quality Issue,Pharmaceuticals,Delayed,medium,488.29,3.52,1452.22,236,327,7,2025-03-04,Batch quality failure detected for Pharmaceuticals from S004 — 3-day hold pending quality review.
INC00193,S017,"Austin, TX",South,Weather Disruption,Medical Supplies,On-Time,medium,152.05,2.61,1472.65,219,290,4,2025-03-04,"Severe weather event impacting Austin, TX region causing 2-day operational disruption."
INC00183,S015,"Los Angeles, CA",West,Demand Spike,Raw Materials,Delayed,critical,33.83,20.44,1517.25,302,212,47,2025-03-04,"Flash sale event triggering 38.1% above-forecast demand for Raw Materials — inventory risk at Los Angeles, CA."
INC00052,S019,"Seattle, WA",Northwest,Supplier Delay,Pharmaceuticals,Delivered,medium,401.71,4.04,703.9,347,303,9,2025-03-05,"S019 labor dispute affecting production capacity, estimated 4-day delay on outstanding orders."
INC00582,S003,"Chicago, IL",Midwest,Weather Disruption,Raw Materials,Critical Delay,critical,119.35,30.25,1205.06,227,190,54,2025-03-10,"Flooding at Chicago, IL warehouse facility causing 30-day shutdown and inventory relocation."
INC00526,S005,"Philadelphia, PA",Northeast,Weather Disruption,Medical Supplies,Delayed,critical,36.78,11.78,1298.56,136,108,22,2025-03-12,"Hurricane warning at Philadelphia, PA port resulting in 11-day suspension of loading operations."
INC00286,S005,"San Antonio, TX",South,Customs Delay,Consumer Goods,On-Time,low,324.85,1.0,2211.42,257,227,1,2025-03-15,"Customs documentation error for S005 shipment causing 1-day clearance delay at San Antonio, TX."
INC00365,S009,"Houston, TX",South,Stockout Risk,Medical Supplies,In-Transit,critical,4.67,0.37,1054.52,94,96,1,2025-03-15,"Inventory for Medical Supplies at Houston, TX warehouse approaching critical threshold — current level at 4 units."
INC00019,S016,"Houston, TX",South,Stockout Risk,Raw Materials,Delayed,critical,20.65,2.11,2049.24,226,285,2,2025-03-17,"Demand surge exceeding supply at Houston, TX — Raw Materials inventory at 20 units vs 285 forecasted demand."
INC00094,S016,"Dallas, TX",South,Supplier Delay,Automotive Parts,Critical Delay,critical,192.71,13.22,1231.99,161,117,28,2025-03-20,"S016 labor dispute affecting production capacity, estimated 13-day delay on outstanding orders."
INC00248,S019,"Dallas, TX",South,Stockout Risk,Pharmaceuticals,Delayed,critical,32.13,27.63,753.68,144,179,35,2025-03-21,"Safety stock breach detected at Dallas, TX for Pharmaceuticals category; replenishment order placed with S019."
INC00579,S004,"Phoenix, AZ",Southwest,Supplier Delay,Consumer Goods,Delayed,low,594.59,1.88,2234.31,210,292,3,2025-03-21,"S004 labor dispute affecting production capacity, estimated 1-day delay on outstanding orders."
INC00533,S001,"Phoenix, AZ",Southwest,Weather Disruption,Consumer Goods,Delivered,critical,1033.22,16.29,1135.98,216,207,39,2025-03-25,"Hurricane warning at Phoenix, AZ port resulting in 16-day suspension of loading operations."
INC00219,S001,"Houston, TX",South,Transportation Issue,Automotive Parts,On-Time,high,89.58,12.83,2164.63,143,113,16,2025-03-25,"Truck fleet shortage affecting last-mile delivery from Houston, TX, 12-day delay on Automotive Parts orders."
INC00083,S004,"San Antonio, TX",South,Supplier Delay,Raw Materials,Delayed,critical,502.84,40.86,1503.15,203,251,75,2025-03-28,"S004 labor dispute affecting production capacity, estimated 40-day delay on outstanding orders."
INC00073,S003,"Houston, TX",South,Port Congestion,Pharmaceuticals,In-Transit,high,140.94,1.0,1294.08,236,324,1,2025-03-29,"Vessel berthing delays at Houston, TX port increasing transit times by 1 days."
INC00473,S003,"Chicago, IL",Midwest,Quality Issue,Consumer Goods,Critical Delay,critical,421.03,2.5,2543.34,278,209,4,2025-03-31,"Product recall risk identified for Consumer Goods batch from S003 — proactive hold at Chicago, IL."
INC00215,S002,"Phoenix, AZ",Southwest,Weather Disruption,Medical Supplies,In-Transit,low,730.37,1.41,2385.92,310,376,3,2025-04-04,"Flooding at Phoenix, AZ warehouse facility causing 1-day shutdown and inventory relocation."
INC00271,S018,"New York, NY",Northeast,Customs Delay,Consumer Goods,On-Time,high,112.11,2.43,936.4,188,215,6,2025-04-05,Trade compliance review triggered for Consumer Goods shipment from S018 — 2-day estimated hold.
INC00465,S020,"Philadelphia, PA",Northeast,Quality Issue,Medical Supplies,Delayed,critical,21.45,14.13,100.0,215,272,24,2025-04-06,"Product recall risk identified for Medical Supplies batch from S020 — proactive hold at Philadelphia, PA."
INC00364,S015,"Chicago, IL",Midwest,Quality Issue,Medical Supplies,Critical Delay,critical,316.86,15.03,2387.45,248,261,19,2025-04-07,"S015 reported defect rate of 16.0% in recent Medical Supplies shipment, return and rework initiated."
INC00569,S020,"Phoenix, AZ",Southwest,Quality Issue,Pharmaceuticals,Delivered,low,1767.53,0.37,1651.9,265,366,1,2025-04-09,"Product recall risk identified for Pharmaceuticals batch from S020 — proactive hold at Phoenix, AZ."
INC00437,S014,"San Jose, CA",West,Stockout Risk,Medical Supplies,Delayed,critical,2.39,1.78,1598.86,204,263,2,2025-04-09,"San Jose, CA distribution center reporting Medical Supplies stock depletion risk within 1 days at current consumption rate."
INC00203,S016,"Chicago, IL",Midwest,Demand Spike,Electronics,Delayed,critical,43.17,0.12,1625.03,36,27,1,2025-04-10,"Unexpected Electronics demand increase at Chicago, IL region — 27 units ordered vs 43 in stock."
INC00542,S015,"Phoenix, AZ",Southwest,Stockout Risk,Automotive Parts,Delivered,high,55.31,1.13,846.22,137,116,1,2025-04-14,"Inventory for Automotive Parts at Phoenix, AZ warehouse approaching critical threshold — current level at 55 units."
INC00279,S010,"Philadelphia, PA",Northeast,Stockout Risk,Raw Materials,In-Transit,high,133.7,3.03,784.16,196,181,6,2025-04-15,"Inventory for Raw Materials at Philadelphia, PA warehouse approaching critical threshold — current level at 133 units."
INC00133,S013,"Seattle, WA",Northwest,Weather Disruption,Industrial Equipment,On-Time,critical,260.67,57.68,1338.67,111,84,140,2025-04-16,"Winter storm affecting ground transportation near Seattle, WA, 57-day delivery delay expected."
INC00488,S013,"New York, NY",Northeast,Port Congestion,Consumer Goods,Delivered,critical,21.24,4.04,1178.52,63,74,5,2025-04-16,"Vessel berthing delays at New York, NY port increasing transit times by 4 days."
INC00567,S015,"San Jose, CA",West,Quality Issue,Industrial Equipment,Delayed,high,280.07,10.64,1699.17,263,222,23,2025-04-21,Batch quality failure detected for Industrial Equipment from S015 — 10-day hold pending quality review.
INC00300,S017,"Austin, TX",South,Supplier Delay,Medical Supplies,Critical Delay,critical,84.98,15.56,2272.79,166,139,20,2025-04-21,S017 reported production line shutdown due to equipment failure causing 15-day delivery delay.
INC00586,S003,"Austin, TX",South,Demand Spike,Electronics,Delayed,critical,45.79,4.23,1289.99,120,151,7,2025-04-25,"Unexpected Electronics demand increase at Austin, TX region — 151 units ordered vs 45 in stock."
INC00464,S007,"San Antonio, TX",South,Port Congestion,Food & Beverage,In-Transit,medium,268.31,1.0,2032.13,166,140,1,2025-04-27,"Vessel berthing delays at San Antonio, TX port increasing transit times by 1 days."
INC00086,S015,"Los Angeles, CA",West,Stockout Risk,Raw Materials,On-Time,high,80.28,3.67,1568.92,324,420,6,2025-04-28,"Safety stock breach detected at Los Angeles, CA for Raw Materials category; replenishment order placed with S015."
INC00214,S007,"San Jose, CA",West,Port Congestion,Electronics,In-Transit,high,200.05,8.97,1396.42,270,241,11,2025-04-28,"Port congestion at San Jose, CA terminal causing 8-day backlog for incoming shipments."
INC00593,S004,"New York, NY",Northeast,Stockout Risk,Raw Materials,Delayed,critical,3.09,7.34,2203.0,170,139,15,2025-04-30,"New York, NY distribution center reporting Raw Materials stock depletion risk within 7 days at current consumption rate."
INC00045,S020,"Philadelphia, PA",Northeast,Port Congestion,Consumer Goods,Delayed,high,476.59,8.63,808.46,79,60,10,2025-05-01,"Vessel berthing delays at Philadelphia, PA port increasing transit times by 8 days."
INC00384,S017,"Seattle, WA",Northwest,Transportation Issue,Food & Beverage,Critical Delay,critical,127.34,0.84,1529.75,187,214,1,2025-05-08,"Truck fleet shortage affecting last-mile delivery from Seattle, WA, 0-day delay on Food & Beverage orders."
INC00103,S006,"Houston, TX",South,Stockout Risk,Food & Beverage,Delivered,critical,33.38,4.42,1235.7,326,257,10,2025-05-08,"Houston, TX distribution center reporting Food & Beverage stock depletion risk within 4 days at current consumption rate."
INC00584,S017,"Phoenix, AZ",Southwest,Weather Disruption,Food & Beverage,On-Time,medium,241.33,2.05,964.6,232,255,2,2025-05-08,"Flooding at Phoenix, AZ warehouse facility causing 2-day shutdown and inventory relocation."
INC00445,S014,"San Jose, CA",West,Quality Issue,Industrial Equipment,Delayed,medium,950.56,3.77,1502.28,69,81,8,2025-05-09,"S014 reported defect rate of 19.5% in recent Industrial Equipment shipment, return and rework initiated."
INC00088,S014,"Philadelphia, PA",Northeast,Demand Spike,Electronics,Delayed,critical,43.17,14.61,1239.81,172,122,26,2025-05-10,"B2B bulk order from key account straining Electronics availability across Philadelphia, PA distribution network."
INC00231,S011,"Phoenix, AZ",Southwest,Customs Delay,Raw Materials,Critical Delay,critical,150.2,1.0,1681.58,139,194,2,2025-05-15,New import regulations requiring additional certification for Raw Materials category — 1-day processing time.
INC00350,S007,"Phoenix, AZ",Southwest,Quality Issue,Raw Materials,Critical Delay,critical,713.18,5.55,920.21,212,214,8,2025-05-15,Batch quality failure detected for Raw Materials from S007 — 5-day hold pending quality review.
INC00170,S013,"Dallas, TX",South,Port Congestion,Industrial Equipment,In-Transit,high,73.87,6.3,2090.59,182,247,9,2025-05-17,"Vessel berthing delays at Dallas, TX port increasing transit times by 6 days."
INC00321,S012,"San Jose, CA",West,Supplier Delay,Food & Beverage,Delayed,low,690.28,0.11,1648.25,206,224,1,2025-05-19,Supplier S012 experiencing raw material shortage resulting in 0-day shipment delay for Food & Beverage components.
INC00591,S008,"San Diego, CA",West,Stockout Risk,Electronics,On-Time,high,62.79,1.16,1675.32,185,190,2,2025-05-22,"San Diego, CA distribution center reporting Electronics stock depletion risk within 1 days at current consumption rate."
INC00387,S018,"Austin, TX",South,Weather Disruption,Pharmaceuticals,On-Time,medium,199.42,1.0,1827.77,200,193,1,2025-05-25,"Flooding at Austin, TX warehouse facility causing 1-day shutdown and inventory relocation."
INC00288,S010,"Houston, TX",South,Transportation Issue,Pharmaceuticals,On-Time,high,144.35,2.76,1668.71,125,155,3,2025-05-26,"Route disruption due to road construction near Houston, TX increasing delivery time by 2 days."
INC00078,S002,"Chicago, IL",Midwest,Demand Spike,Industrial Equipment,Critical Delay,critical,115.43,18.32,352.38,228,289,44,2025-05-27,"Flash sale event triggering 29.5% above-forecast demand for Industrial Equipment — inventory risk at Chicago, IL."
INC00531,S020,"Phoenix, AZ",Southwest,Transportation Issue,Consumer Goods,On-Time,critical,579.25,25.7,1019.98,194,188,46,2025-05-29,"Truck fleet shortage affecting last-mile delivery from Phoenix, AZ, 25-day delay on Consumer Goods orders."
INC00454,S020,"Houston, TX",South,Customs Delay,Pharmaceuticals,Delayed,medium,565.25,6.56,1407.7,130,93,12,2025-05-30,"Tariff classification dispute for S020 shipment adding 6-day delay at Houston, TX customs."
INC00367,S017,"Houston, TX",South,Supplier Delay,Electronics,On-Time,high,69.58,3.63,1314.47,139,175,4,2025-05-30,"S017 labor dispute affecting production capacity, estimated 3-day delay on outstanding orders."
INC00438,S020,"San Jose, CA",West,Port Congestion,Consumer Goods,On-Time,medium,686.49,3.61,1366.08,319,312,8,2025-05-31,"Port congestion at San Jose, CA terminal causing 3-day backlog for incoming shipments."
INC00385,S012,"Austin, TX",South,Weather Disruption,Medical Supplies,Critical Delay,critical,124.93,9.31,489.94,135,158,22,2025-06-01,"Severe weather event impacting Austin, TX region causing 9-day operational disruption."
INC00359,S002,"San Jose, CA",West,Transportation Issue,Food & Beverage,Delayed,critical,262.26,26.95,1542.03,292,217,55,2025-06-03,"Fuel price spike increasing transportation costs by 36.7% for San Jose, CA region shipments."
INC00394,S019,"Dallas, TX",South,Stockout Risk,Raw Materials,Critical Delay,critical,212.29,11.81,100.0,177,247,21,2025-06-04,"Demand surge exceeding supply at Dallas, TX — Raw Materials inventory at 212 units vs 247 forecasted demand."
INC00577,S010,"San Jose, CA",West,Demand Spike,Pharmaceuticals,Delivered,critical,5.87,0.43,368.54,168,214,1,2025-06-06,"Unexpected Pharmaceuticals demand increase at San Jose, CA region — 214 units ordered vs 5 in stock."
INC00461,S001,"Dallas, TX",South,Supplier Delay,Raw Materials,Delayed,medium,901.49,4.36,2685.86,74,78,10,2025-06-07,"S001 labor dispute affecting production capacity, estimated 4-day delay on outstanding orders."
INC00291,S017,"San Antonio, TX",South,Weather Disruption,Pharmaceuticals,Critical Delay,critical,41.12,9.49,873.11,42,42,15,2025-06-07,"Hurricane warning at San Antonio, TX port resulting in 9-day suspension of loading operations."
INC00418,S018,"Dallas, TX",South,Port Congestion,Industrial Equipment,Critical Delay,critical,205.97,13.81,1701.14,124,91,32,2025-06-08,"Customs inspection backlog at Dallas, TX customs facility delaying Industrial Equipment clearance by 13 days."
INC00128,S020,"New York, NY",Northeast,Port Congestion,Industrial Equipment,Critical Delay,critical,49.65,27.24,695.13,350,425,40,2025-06-08,"Labor strike at New York, NY port operations causing significant 27-day shipping delays."
INC00212,S017,"San Diego, CA",West,Port Congestion,Consumer Goods,Delayed,medium,186.32,4.25,2059.73,269,268,7,2025-06-09,"Labor strike at San Diego, CA port operations causing significant 4-day shipping delays."
INC00403,S012,"San Jose, CA",West,Transportation Issue,Consumer Goods,Delayed,critical,173.49,22.53,1418.85,280,296,32,2025-06-10,"Truck fleet shortage affecting last-mile delivery from San Jose, CA, 22-day delay on Consumer Goods orders."
INC00169,S005,"Dallas, TX",South,Quality Issue,Pharmaceuticals,Delayed,critical,5.41,22.0,339.79,103,121,31,2025-06-14,Batch quality failure detected for Pharmaceuticals from S005 — 21-day hold pending quality review.
INC00157,S005,"Phoenix, AZ",Southwest,Weather Disruption,Electronics,Delayed,critical,267.65,20.63,708.39,181,195,42,2025-06-20,"Flooding at Phoenix, AZ warehouse facility causing 20-day shutdown and inventory relocation."
INC00368,S019,"Phoenix, AZ",Southwest,Stockout Risk,Automotive Parts,On-Time,critical,9.11,3.59,1726.41,185,180,6,2025-06-20,"Safety stock breach detected at Phoenix, AZ for Automotive Parts category; replenishment order placed with S019."
INC00091,S005,"San Diego, CA",West,Supplier Delay,Medical Supplies,Critical Delay,critical,47.72,13.06,477.97,195,199,23,2025-06-22,S005 reported production line shutdown due to equipment failure causing 13-day delivery delay.
INC00273,S012,"Seattle, WA",Northwest,Weather Disruption,Medical Supplies,In-Transit,critical,17.86,1.0,1131.96,175,207,1,2025-06-29,"Hurricane warning at Seattle, WA port resulting in 1-day suspension of loading operations."
INC00195,S005,"Dallas, TX",South,Transportation Issue,Food & Beverage,Critical Delay,critical,192.29,17.24,1661.8,181,225,24,2025-06-29,"Fuel price spike increasing transportation costs by 16.0% for Dallas, TX region shipments."
INC00398,S006,"Dallas, TX",South,Quality Issue,Automotive Parts,Critical Delay,critical,628.89,14.42,1425.23,106,146,34,2025-06-30,Material specification deviation in S006 Automotive Parts delivery requiring re-inspection and approval.
INC00069,S019,"Dallas, TX",South,Demand Spike,Automotive Parts,On-Time,medium,294.22,0.42,631.15,87,110,1,2025-06-30,"Flash sale event triggering 11.3% above-forecast demand for Automotive Parts — inventory risk at Dallas, TX."
INC00234,S016,"Austin, TX",South,Customs Delay,Electronics,Critical Delay,critical,431.01,7.86,2273.85,179,140,16,2025-07-02,"Customs documentation error for S016 shipment causing 7-day clearance delay at Austin, TX."
INC00444,S013,"Austin, TX",South,Transportation Issue,Food & Beverage,On-Time,low,369.01,0.32,998.91,367,291,1,2025-07-02,"Fuel price spike increasing transportation costs by 27.8% for Austin, TX region shipments."
INC00535,S011,"San Antonio, TX",South,Supplier Delay,Automotive Parts,In-Transit,high,129.48,2.33,1387.94,150,153,3,2025-07-04,S011 reported production line shutdown due to equipment failure causing 2-day delivery delay.
INC00269,S015,"San Diego, CA",West,Stockout Risk,Automotive Parts,In-Transit,critical,7.06,3.49,860.93,175,167,5,2025-07-04,"San Diego, CA distribution center reporting Automotive Parts stock depletion risk within 3 days at current consumption rate."
INC00424,S016,"Dallas, TX",South,Port Congestion,Medical Supplies,Delayed,critical,54.8,30.11,1614.9,205,252,41,2025-07-05,"Customs inspection backlog at Dallas, TX customs facility delaying Medical Supplies clearance by 30 days."
INC00470,S009,"Philadelphia, PA",Northeast,Supplier Delay,Pharmaceuticals,In-Transit,critical,392.07,40.88,1907.62,108,131,83,2025-07-05,Supplier S009 experiencing raw material shortage resulting in 40-day shipment delay for Pharmaceuticals components.
INC00497,S017,"San Antonio, TX",South,Stockout Risk,Electronics,Delayed,high,120.78,4.55,1371.05,222,246,5,2025-07-05,"San Antonio, TX distribution center reporting Electronics stock depletion risk within 4 days at current consumption rate."
INC00013,S009,"Dallas, TX",South,Stockout Risk,Automotive Parts,Delayed,high,97.63,6.53,996.47,175,228,14,2025-07-06,"Dallas, TX distribution center reporting Automotive Parts stock depletion risk within 6 days at current consumption rate."
INC00197,S010,"Seattle, WA",Northwest,Transportation Issue,Raw Materials,Delayed,critical,9.92,12.68,2249.52,239,247,24,2025-07-10,"Carrier capacity constraints impacting shipments from S010 to Seattle, WA — 12-day estimated delay."
INC00161,S010,"Houston, TX",South,Supplier Delay,Consumer Goods,Delayed,high,192.86,9.9,1220.73,270,345,24,2025-07-10,"S010 labor dispute affecting production capacity, estimated 9-day delay on outstanding orders."
INC00154,S005,"Seattle, WA",Northwest,Customs Delay,Raw Materials,Delivered,high,91.25,4.07,1496.8,147,164,9,2025-07-15,"Customs documentation error for S005 shipment causing 4-day clearance delay at Seattle, WA."
INC00015,S003,"Los Angeles, CA",West,Customs Delay,Automotive Parts,Critical Delay,critical,304.47,14.3,877.3,193,231,26,2025-07-16,Trade compliance review triggered for Automotive Parts shipment from S003 — 14-day estimated hold.
INC00230,S019,"San Jose, CA",West,Weather Disruption,Industrial Equipment,Delayed,high,609.55,10.76,2163.32,294,250,16,2025-07-17,"Flooding at San Jose, CA warehouse facility causing 10-day shutdown and inventory relocation."
INC00175,S019,"Los Angeles, CA",West,Stockout Risk,Food & Beverage,Delayed,medium,219.6,0.48,1282.48,246,194,1,2025-07-18,"Safety stock breach detected at Los Angeles, CA for Food & Beverage category; replenishment order placed with S019."
INC00298,S001,"Houston, TX",South,Supplier Delay,Raw Materials,Delivered,medium,213.0,1.77,2586.83,249,326,4,2025-07-20,Supplier S001 experiencing raw material shortage resulting in 1-day shipment delay for Raw Materials components.
INC00229,S016,"Philadelphia, PA",Northeast,Transportation Issue,Food & Beverage,On-Time,critical,546.26,14.47,1481.47,360,407,17,2025-07-20,"Route disruption due to road construction near Philadelphia, PA increasing delivery time by 14 days."
INC00123,S020,"Phoenix, AZ",Southwest,Quality Issue,Automotive Parts,On-Time,low,516.54,0.59,2272.18,164,132,1,2025-07-23,Material specification deviation in S020 Automotive Parts delivery requiring re-inspection and approval.
INC00221,S019,"San Jose, CA",West,Quality Issue,Consumer Goods,On-Time,low,529.62,2.82,1889.35,88,105,4,2025-07-24,"S019 reported defect rate of 19.5% in recent Consumer Goods shipment, return and rework initiated."
INC00493,S002,"New York, NY",Northeast,Quality Issue,Medical Supplies,In-Transit,high,92.07,1.15,451.53,189,170,1,2025-07-25,"S002 reported defect rate of 22.1% in recent Medical Supplies shipment, return and rework initiated."
INC00121,S003,"Los Angeles, CA",West,Weather Disruption,Automotive Parts,Delayed,medium,228.72,2.86,1207.56,232,213,5,2025-07-29,"Hurricane warning at Los Angeles, CA port resulting in 2-day suspension of loading operations."
INC00256,S018,"San Jose, CA",West,Port Congestion,Automotive Parts,Critical Delay,critical,228.4,10.84,2236.6,103,143,21,2025-07-30,"Customs inspection backlog at San Jose, CA customs facility delaying Automotive Parts clearance by 10 days."
INC00455,S010,"Philadelphia, PA",Northeast,Port Congestion,Industrial Equipment,In-Transit,critical,325.8,49.99,1045.2,74,99,122,2025-07-30,"Customs inspection backlog at Philadelphia, PA customs facility delaying Industrial Equipment clearance by 49 days."
INC00240,S006,"Philadelphia, PA",Northeast,Supplier Delay,Consumer Goods,In-Transit,high,65.36,0.04,1955.36,222,193,1,2025-07-31,Quality control issues at S006 facility halted production for 0 days pending inspection.
INC00599,S020,"Austin, TX",South,Port Congestion,Automotive Parts,Critical Delay,critical,81.12,1.0,1945.72,209,202,2,2025-08-02,"Labor strike at Austin, TX port operations causing significant 1-day shipping delays."
INC00014,S017,"New York, NY",Northeast,Quality Issue,Raw Materials,Delivered,high,120.55,0.79,836.2,104,125,1,2025-08-03,"Product recall risk identified for Raw Materials batch from S017 — proactive hold at New York, NY."
INC00326,S013,"Phoenix, AZ",Southwest,Demand Spike,Medical Supplies,On-Time,high,189.7,7.36,740.2,195,265,16,2025-08-04,"B2B bulk order from key account straining Medical Supplies availability across Phoenix, AZ distribution network."
INC00363,S013,"Dallas, TX",South,Demand Spike,Pharmaceuticals,In-Transit,high,66.88,3.25,920.7,202,195,5,2025-08-06,"Seasonal demand surge for Pharmaceuticals exceeding forecast by 39.7% at Dallas, TX fulfillment center."
INC00513,S013,"San Diego, CA",West,Port Congestion,Consumer Goods,In-Transit,high,61.61,1.17,1581.43,213,251,1,2025-08-08,"Vessel berthing delays at San Diego, CA port increasing transit times by 1 days."
INC00132,S012,"Los Angeles, CA",West,Weather Disruption,Electronics,Delayed,critical,45.55,4.5,100.0,195,261,8,2025-08-10,"Severe weather event impacting Los Angeles, CA region causing 4-day operational disruption."
INC00168,S012,"Philadelphia, PA",Northeast,Weather Disruption,Electronics,Critical Delay,critical,35.12,1.0,896.33,115,99,2,2025-08-10,"Winter storm affecting ground transportation near Philadelphia, PA, 1-day delivery delay expected."
INC00434,S004,"San Diego, CA",West,Customs Delay,Raw Materials,Delayed,high,219.59,7.37,2132.17,142,176,9,2025-08-10,"Tariff classification dispute for S004 shipment adding 7-day delay at San Diego, CA customs."
INC00570,S016,"New York, NY",Northeast,Port Congestion,Raw Materials,Critical Delay,critical,187.65,37.03,1390.55,161,120,61,2025-08-11,"Vessel berthing delays at New York, NY port increasing transit times by 37 days."
INC00305,S009,"Los Angeles, CA",West,Supplier Delay,Consumer Goods,Delayed,medium,289.95,2.2,1168.89,404,464,4,2025-08-17,"S009 labor dispute affecting production capacity, estimated 2-day delay on outstanding orders."
INC00575,S020,"Los Angeles, CA",West,Weather Disruption,Food & Beverage,Critical Delay,critical,50.5,16.29,349.14,187,204,22,2025-08-17,"Severe weather event impacting Los Angeles, CA region causing 16-day operational disruption."
INC00508,S011,"New York, NY",Northeast,Demand Spike,Medical Supplies,Delayed,medium,154.83,3.76,1986.21,178,207,6,2025-08-19,"Seasonal demand surge for Medical Supplies exceeding forecast by 9.8% at New York, NY fulfillment center."
INC00033,S015,"Dallas, TX",South,Weather Disruption,Electronics,In-Transit,high,686.47,10.55,1604.9,102,120,24,2025-08-19,"Hurricane warning at Dallas, TX port resulting in 10-day suspension of loading operations."
INC00191,S019,"Philadelphia, PA",Northeast,Customs Delay,Industrial Equipment,On-Time,critical,74.83,30.13,2173.11,304,270,74,2025-08-20,New import regulations requiring additional certification for Industrial Equipment category — 30-day processing time.
INC00009,S015,"Chicago, IL",Midwest,Demand Spike,Medical Supplies,Critical Delay,critical,9.27,9.49,1631.18,270,363,16,2025-08-20,"Flash sale event triggering 31.1% above-forecast demand for Medical Supplies — inventory risk at Chicago, IL."
INC00452,S008,"Austin, TX",South,Supplier Delay,Medical Supplies,Delayed,high,53.27,9.99,1496.19,324,229,17,2025-08-23,Quality control issues at S008 facility halted production for 9 days pending inspection.
INC00113,S018,"Phoenix, AZ",Southwest,Stockout Risk,Automotive Parts,On-Time,medium,265.26,4.53,100.0,136,128,10,2025-08-25,"Inventory for Automotive Parts at Phoenix, AZ warehouse approaching critical threshold — current level at 265 units."
INC00566,S016,"Austin, TX",South,Supplier Delay,Automotive Parts,On-Time,high,131.52,0.27,1455.63,163,123,1,2025-08-29,Quality control issues at S016 facility halted production for 0 days pending inspection.
INC00075,S009,"Austin, TX",South,Port Congestion,Medical Supplies,Critical Delay,critical,242.13,6.06,2865.46,232,275,10,2025-08-31,"Vessel berthing delays at Austin, TX port increasing transit times by 6 days."
INC00557,S003,"Chicago, IL",Midwest,Demand Spike,Electronics,Delayed,critical,23.78,13.17,1376.11,244,260,22,2025-09-01,"Seasonal demand surge for Electronics exceeding forecast by 25.0% at Chicago, IL fulfillment center."
INC00587,S019,"Seattle, WA",Northwest,Quality Issue,Pharmaceuticals,Delivered,critical,27.31,4.07,1740.94,237,194,5,2025-09-03,"Product recall risk identified for Pharmaceuticals batch from S019 — proactive hold at Seattle, WA."
INC00442,S013,"Philadelphia, PA",Northeast,Port Congestion,Pharmaceuticals,Critical Delay,critical,259.04,11.21,1798.93,291,282,14,2025-09-04,"Vessel berthing delays at Philadelphia, PA port increasing transit times by 11 days."
INC00334,S002,"San Antonio, TX",South,Customs Delay,Medical Supplies,On-Time,high,258.54,7.61,1231.61,302,404,15,2025-09-06,"Customs documentation error for S002 shipment causing 7-day clearance delay at San Antonio, TX."
INC00357,S009,"Austin, TX",South,Demand Spike,Consumer Goods,Critical Delay,critical,222.84,16.31,1756.99,271,302,36,2025-09-06,"Unexpected Consumer Goods demand increase at Austin, TX region — 302 units ordered vs 222 in stock."
INC00448,S018,"San Jose, CA",West,Supplier Delay,Medical Supplies,Critical Delay,critical,556.7,19.87,1768.72,229,199,36,2025-09-06,S018 reported production line shutdown due to equipment failure causing 19-day delivery delay.
INC00543,S016,"San Diego, CA",West,Supplier Delay,Raw Materials,Critical Delay,critical,715.26,8.49,955.35,321,409,15,2025-09-07,Quality control issues at S016 facility halted production for 8 days pending inspection.
INC00225,S003,"San Diego, CA",West,Quality Issue,Automotive Parts,In-Transit,medium,212.32,0.21,1583.61,236,308,1,2025-09-09,Batch quality failure detected for Automotive Parts from S003 — 0-day hold pending quality review.
INC00209,S010,"Seattle, WA",Northwest,Port Congestion,Industrial Equipment,Delayed,high,74.24,10.75,881.05,157,196,19,2025-09-12,"Vessel berthing delays at Seattle, WA port increasing transit times by 10 days."
INC00043,S006,"San Jose, CA",West,Demand Spike,Pharmaceuticals,On-Time,medium,201.8,2.23,2043.07,151,191,4,2025-09-13,"Flash sale event triggering 12.4% above-forecast demand for Pharmaceuticals — inventory risk at San Jose, CA."
INC00181,S013,"Phoenix, AZ",Southwest,Customs Delay,Automotive Parts,Delayed,high,605.89,9.64,1801.45,268,315,14,2025-09-13,"Tariff classification dispute for S013 shipment adding 9-day delay at Phoenix, AZ customs."
INC00084,S002,"Houston, TX",South,Demand Spike,Medical Supplies,Delayed,high,308.02,9.47,1312.19,72,56,23,2025-09-15,"B2B bulk order from key account straining Medical Supplies availability across Houston, TX distribution network."
INC00395,S006,"Seattle, WA",Northwest,Stockout Risk,Medical Supplies,Critical Delay,critical,4.03,10.11,762.27,239,233,17,2025-09-15,"Safety stock breach detected at Seattle, WA for Medical Supplies category; replenishment order placed with S006."
INC00550,S017,"San Jose, CA",West,Quality Issue,Medical Supplies,Delayed,high,523.6,9.32,1781.56,77,57,13,2025-09-16,Material specification deviation in S017 Medical Supplies delivery requiring re-inspection and approval.
INC00530,S014,"Phoenix, AZ",Southwest,Customs Delay,Industrial Equipment,On-Time,low,556.08,2.03,2157.88,149,151,4,2025-09-18,Trade compliance review triggered for Industrial Equipment shipment from S014 — 2-day estimated hold.
INC00548,S010,"San Diego, CA",West,Stockout Risk,Automotive Parts,On-Time,high,109.92,1.5,1709.79,74,53,3,2025-09-18,"Demand surge exceeding supply at San Diego, CA — Automotive Parts inventory at 109 units vs 53 forecasted demand."
INC00460,S008,"San Jose, CA",West,Quality Issue,Medical Supplies,On-Time,critical,11.91,0.18,1628.34,184,165,1,2025-09-20,Batch quality failure detected for Medical Supplies from S008 — 0-day hold pending quality review.
INC00218,S015,"Philadelphia, PA",Northeast,Stockout Risk,Industrial Equipment,In-Transit,medium,348.72,5.34,806.66,225,219,10,2025-09-21,"Inventory for Industrial Equipment at Philadelphia, PA warehouse approaching critical threshold — current level at 348 units."
INC00551,S008,"Seattle, WA",Northwest,Demand Spike,Consumer Goods,On-Time,critical,195.21,81.67,2196.84,135,170,120,2025-09-22,"Unexpected Consumer Goods demand increase at Seattle, WA region — 170 units ordered vs 195 in stock."
INC00421,S012,"Chicago, IL",Midwest,Transportation Issue,Automotive Parts,Delayed,critical,94.57,22.2,2116.45,146,193,39,2025-09-23,"Route disruption due to road construction near Chicago, IL increasing delivery time by 22 days."
INC00233,S008,"Los Angeles, CA",West,Stockout Risk,Electronics,Critical Delay,critical,164.95,25.3,489.13,125,145,52,2025-09-23,"Inventory for Electronics at Los Angeles, CA warehouse approaching critical threshold — current level at 164 units."
INC00249,S009,"San Antonio, TX",South,Demand Spike,Raw Materials,Delayed,high,60.11,2.76,1095.91,222,252,5,2025-09-23,"Seasonal demand surge for Raw Materials exceeding forecast by 30.2% at San Antonio, TX fulfillment center."
INC00146,S008,"Chicago, IL",Midwest,Stockout Risk,Automotive Parts,Critical Delay,critical,78.01,19.3,1281.83,195,173,45,2025-09-24,"Inventory for Automotive Parts at Chicago, IL warehouse approaching critical threshold — current level at 78 units."
INC00264,S009,"Austin, TX",South,Customs Delay,Food & Beverage,Critical Delay,critical,217.5,2.34,1650.78,199,257,5,2025-09-24,"Customs documentation error for S009 shipment causing 2-day clearance delay at Austin, TX."
INC00408,S007,"San Jose, CA",West,Customs Delay,Electronics,Delayed,medium,322.36,6.69,1710.87,285,217,13,2025-09-28,Trade compliance review triggered for Electronics shipment from S007 — 6-day estimated hold.
INC00187,S002,"San Jose, CA",West,Transportation Issue,Food & Beverage,On-Time,high,107.42,6.16,1579.78,143,134,9,2025-09-30,"Fuel price spike increasing transportation costs by 31.8% for San Jose, CA region shipments."
INC00524,S008,"Dallas, TX",South,Demand Spike,Food & Beverage,Critical Delay,critical,121.12,2.69,2305.02,13,15,4,2025-10-02,"Unexpected Food & Beverage demand increase at Dallas, TX region — 15 units ordered vs 121 in stock."
INC00285,S013,"Chicago, IL",Midwest,Stockout Risk,Automotive Parts,On-Time,high,149.01,0.37,691.72,122,115,1,2025-10-05,"Chicago, IL distribution center reporting Automotive Parts stock depletion risk within 0 days at current consumption rate."
INC00004,S012,"San Jose, CA",West,Demand Spike,Electronics,Delayed,critical,34.55,2.83,1989.87,78,62,4,2025-10-05,"B2B bulk order from key account straining Electronics availability across San Jose, CA distribution network."
INC00467,S005,"Seattle, WA",Northwest,Stockout Risk,Raw Materials,On-Time,critical,13.68,3.87,1156.28,66,47,9,2025-10-07,"Demand surge exceeding supply at Seattle, WA — Raw Materials inventory at 13 units vs 47 forecasted demand."
INC00232,S006,"Dallas, TX",South,Supplier Delay,Electronics,On-Time,low,1133.96,2.61,1692.81,233,255,4,2025-10-07,S006 reported production line shutdown due to equipment failure causing 2-day delivery delay.
INC00137,S016,"San Diego, CA",West,Customs Delay,Food & Beverage,Critical Delay,critical,50.61,5.25,655.49,137,157,9,2025-10-08,Trade compliance review triggered for Food & Beverage shipment from S016 — 5-day estimated hold.
INC00505,S017,"Philadelphia, PA",Northeast,Stockout Risk,Raw Materials,In-Transit,critical,269.88,15.13,1744.73,236,301,26,2025-10-10,"Safety stock breach detected at Philadelphia, PA for Raw Materials category; replenishment order placed with S017."
INC00390,S015,"Philadelphia, PA",Northeast,Customs Delay,Food & Beverage,On-Time,medium,1240.8,4.16,1435.62,235,227,6,2025-10-10,Trade compliance review triggered for Food & Beverage shipment from S015 — 4-day estimated hold.
INC00430,S012,"San Antonio, TX",South,Customs Delay,Raw Materials,On-Time,low,402.51,2.22,786.35,331,396,5,2025-10-10,New import regulations requiring additional certification for Raw Materials category — 2-day processing time.
INC00242,S004,"San Antonio, TX",South,Transportation Issue,Automotive Parts,In-Transit,high,89.03,1.68,2082.54,150,161,2,2025-10-11,"Fuel price spike increasing transportation costs by 38.9% for San Antonio, TX region shipments."
INC00177,S011,"Seattle, WA",Northwest,Transportation Issue,Food & Beverage,Delayed,medium,157.5,2.33,2030.46,123,128,3,2025-10-12,"Carrier capacity constraints impacting shipments from S011 to Seattle, WA — 2-day estimated delay."
INC00562,S020,"Los Angeles, CA",West,Quality Issue,Raw Materials,Delayed,medium,182.19,5.51,1298.92,227,161,12,2025-10-16,"Product recall risk identified for Raw Materials batch from S020 — proactive hold at Los Angeles, CA."
INC00008,S002,"Houston, TX",South,Supplier Delay,Food & Beverage,On-Time,critical,39.05,3.42,1993.53,102,93,6,2025-10-20,"S002 labor dispute affecting production capacity, estimated 3-day delay on outstanding orders."
INC00027,S014,"Austin, TX",South,Quality Issue,Industrial Equipment,In-Transit,high,301.15,9.21,905.68,154,112,12,2025-10-22,"S014 reported defect rate of 14.3% in recent Industrial Equipment shipment, return and rework initiated."
INC00140,S007,"Philadelphia, PA",Northeast,Customs Delay,Medical Supplies,Critical Delay,critical,81.61,17.73,1988.32,124,161,23,2025-10-23,New import regulations requiring additional certification for Medical Supplies category — 17-day processing time.
INC00101,S008,"San Jose, CA",West,Quality Issue,Consumer Goods,Critical Delay,critical,94.1,2.37,1112.06,113,88,5,2025-10-23,"S008 reported defect rate of 27.0% in recent Consumer Goods shipment, return and rework initiated."
INC00554,S019,"San Jose, CA",West,Supplier Delay,Medical Supplies,In-Transit,high,79.2,0.17,1873.24,306,377,1,2025-10-23,Quality control issues at S019 facility halted production for 0 days pending inspection.
INC00378,S010,"Philadelphia, PA",Northeast,Quality Issue,Pharmaceuticals,On-Time,medium,164.47,1.75,3106.87,161,117,2,2025-10-24,Batch quality failure detected for Pharmaceuticals from S010 — 1-day hold pending quality review.
INC00440,S004,"Los Angeles, CA",West,Customs Delay,Medical Supplies,Delayed,critical,17.88,1.0,1512.53,218,299,2,2025-10-26,"Customs documentation error for S004 shipment causing 1-day clearance delay at Los Angeles, CA."
INC00090,S014,"New York, NY",Northeast,Quality Issue,Raw Materials,In-Transit,low,459.26,2.53,2088.93,226,308,5,2025-10-29,Material specification deviation in S014 Raw Materials delivery requiring re-inspection and approval.
INC00139,S003,"Austin, TX",South,Port Congestion,Pharmaceuticals,Critical Delay,critical,75.3,10.58,1559.25,189,155,23,2025-10-29,"Port congestion at Austin, TX terminal causing 10-day backlog for incoming shipments."
INC00544,S020,"New York, NY",Northeast,Transportation Issue,Industrial Equipment,Critical Delay,critical,323.21,7.95,2055.96,112,99,11,2025-10-30,"Route disruption due to road construction near New York, NY increasing delivery time by 7 days."
INC00185,S003,"San Antonio, TX",South,Customs Delay,Consumer Goods,Delayed,critical,232.95,32.97,1659.95,167,180,65,2025-10-31,"Customs documentation error for S003 shipment causing 32-day clearance delay at San Antonio, TX."
INC00029,S005,"Philadelphia, PA",Northeast,Port Congestion,Consumer Goods,On-Time,low,310.84,1.48,948.35,323,437,3,2025-10-31,"Customs inspection backlog at Philadelphia, PA customs facility delaying Consumer Goods clearance by 1 days."
INC00046,S020,"Los Angeles, CA",West,Customs Delay,Pharmaceuticals,Delayed,critical,10.98,1.0,426.9,228,253,1,2025-11-02,"Tariff classification dispute for S020 shipment adding 1-day delay at Los Angeles, CA customs."
INC00500,S016,"Dallas, TX",South,Demand Spike,Electronics,Critical Delay,critical,245.98,0.04,981.37,188,230,1,2025-11-02,"Unexpected Electronics demand increase at Dallas, TX region — 230 units ordered vs 245 in stock."
INC00142,S014,"Philadelphia, PA",Northeast,Supplier Delay,Food & Beverage,On-Time,critical,3.93,1.07,1695.68,99,98,2,2025-11-03,Quality control issues at S014 facility halted production for 1 days pending inspection.
INC00450,S020,"Austin, TX",South,Demand Spike,Electronics,In-Transit,critical,17.63,4.87,1755.53,201,247,7,2025-11-03,"B2B bulk order from key account straining Electronics availability across Austin, TX distribution network."
INC00303,S008,"Chicago, IL",Midwest,Supplier Delay,Pharmaceuticals,Critical Delay,critical,627.82,67.3,1009.69,32,38,80,2025-11-04,S008 reported production line shutdown due to equipment failure causing 67-day delivery delay.
INC00115,S012,"Dallas, TX",South,Port Congestion,Raw Materials,In-Transit,critical,20.64,15.86,2200.67,220,175,37,2025-11-05,"Port congestion at Dallas, TX terminal causing 15-day backlog for incoming shipments."
INC00393,S011,"Los Angeles, CA",West,Weather Disruption,Electronics,In-Transit,critical,17.81,1.5,312.42,259,286,2,2025-11-05,"Severe weather event impacting Los Angeles, CA region causing 1-day operational disruption."
INC00287,S011,"Chicago, IL",Midwest,Transportation Issue,Industrial Equipment,Delayed,critical,25.72,17.19,2097.63,139,158,36,2025-11-05,"Carrier capacity constraints impacting shipments from S011 to Chicago, IL — 17-day estimated delay."
INC00521,S020,"Phoenix, AZ",Southwest,Supplier Delay,Raw Materials,On-Time,critical,5.79,0.91,1331.39,233,220,1,2025-11-06,Quality control issues at S020 facility halted production for 0 days pending inspection.
INC00446,S006,"Philadelphia, PA",Northeast,Customs Delay,Industrial Equipment,Critical Delay,critical,23.79,5.67,1391.76,309,334,13,2025-11-06,"Tariff classification dispute for S006 shipment adding 5-day delay at Philadelphia, PA customs."
INC00405,S015,"Seattle, WA",Northwest,Stockout Risk,Electronics,Delayed,critical,163.19,14.15,1254.02,140,133,28,2025-11-08,"Inventory for Electronics at Seattle, WA warehouse approaching critical threshold — current level at 163 units."
INC00054,S013,"Seattle, WA",Northwest,Stockout Risk,Raw Materials,Delivered,high,50.83,3.38,723.03,191,191,6,2025-11-09,"Inventory for Raw Materials at Seattle, WA warehouse approaching critical threshold — current level at 50 units."
INC00355,S015,"Phoenix, AZ",Southwest,Transportation Issue,Raw Materials,Delayed,low,618.49,0.6,1720.37,347,266,1,2025-11-09,"Fuel price spike increasing transportation costs by 25.5% for Phoenix, AZ region shipments."
INC00143,S020,"Chicago, IL",Midwest,Quality Issue,Automotive Parts,Delayed,high,669.56,8.5,755.1,134,129,17,2025-11-09,"Product recall risk identified for Automotive Parts batch from S020 — proactive hold at Chicago, IL."
INC00044,S011,"San Diego, CA",West,Customs Delay,Raw Materials,Critical Delay,critical,733.38,12.11,2362.41,200,230,18,2025-11-10,Trade compliance review triggered for Raw Materials shipment from S011 — 12-day estimated hold.
INC00585,S003,"Chicago, IL",Midwest,Demand Spike,Raw Materials,Delayed,medium,261.9,1.23,1765.19,165,148,2,2025-11-10,"Unexpected Raw Materials demand increase at Chicago, IL region — 148 units ordered vs 261 in stock."
INC00097,S020,"Austin, TX",South,Transportation Issue,Raw Materials,On-Time,critical,18.91,1.62,1868.5,260,215,2,2025-11-13,"Fuel price spike increasing transportation costs by 27.3% for Austin, TX region shipments."
INC00018,S001,"Los Angeles, CA",West,Supplier Delay,Consumer Goods,On-Time,high,86.02,6.34,1026.45,259,195,9,2025-11-16,"S001 labor dispute affecting production capacity, estimated 6-day delay on outstanding orders."
INC00580,S018,"Houston, TX",South,Stockout Risk,Raw Materials,Critical Delay,critical,67.84,5.57,1470.66,87,106,7,2025-11-17,"Safety stock breach detected at Houston, TX for Raw Materials category; replenishment order placed with S018."
INC00016,S006,"Phoenix, AZ",Southwest,Weather Disruption,Consumer Goods,In-Transit,medium,247.17,1.0,3523.38,126,125,1,2025-11-18,"Hurricane warning at Phoenix, AZ port resulting in 1-day suspension of loading operations."
INC00463,S013,"Austin, TX",South,Stockout Risk,Raw Materials,Critical Delay,critical,22.9,2.72,1423.47,320,335,3,2025-11-21,"Demand surge exceeding supply at Austin, TX — Raw Materials inventory at 22 units vs 335 forecasted demand."
INC00352,S003,"Phoenix, AZ",Southwest,Supplier Delay,Pharmaceuticals,In-Transit,medium,164.74,0.52,1699.19,215,192,1,2025-11-24,Supplier S003 experiencing raw material shortage resulting in 0-day shipment delay for Pharmaceuticals components.
INC00260,S015,"Philadelphia, PA",Northeast,Port Congestion,Industrial Equipment,In-Transit,high,152.91,9.77,2227.86,211,224,19,2025-11-24,"Port congestion at Philadelphia, PA terminal causing 9-day backlog for incoming shipments."
INC00148,S008,"San Diego, CA",West,Demand Spike,Raw Materials,On-Time,high,80.78,3.81,1617.51,121,107,5,2025-11-25,"B2B bulk order from key account straining Raw Materials availability across San Diego, CA distribution network."
INC00038,S008,"New York, NY",Northeast,Transportation Issue,Pharmaceuticals,In-Transit,high,98.87,0.12,857.46,238,323,1,2025-11-26,"Carrier capacity constraints impacting shipments from S008 to New York, NY — 0-day estimated delay."
INC00274,S009,"San Jose, CA",West,Stockout Risk,Food & Beverage,Delayed,critical,97.79,28.56,1762.16,295,269,53,2025-11-26,"Safety stock breach detected at San Jose, CA for Food & Beverage category; replenishment order placed with S009."
INC00594,S009,"Chicago, IL",Midwest,Weather Disruption,Electronics,In-Transit,high,68.62,7.13,2946.03,217,290,17,2025-11-30,"Flooding at Chicago, IL warehouse facility causing 7-day shutdown and inventory relocation."
INC00236,S012,"Phoenix, AZ",Southwest,Weather Disruption,Automotive Parts,Delayed,high,178.64,9.25,724.11,151,113,13,2025-12-01,"Hurricane warning at Phoenix, AZ port resulting in 9-day suspension of loading operations."
INC00312,S005,"Los Angeles, CA",West,Supplier Delay,Electronics,Delivered,high,145.27,4.24,747.99,227,216,7,2025-12-03,Supplier S005 experiencing raw material shortage resulting in 4-day shipment delay for Electronics components.
INC00561,S017,"Austin, TX",South,Stockout Risk,Consumer Goods,Delayed,high,122.13,0.85,2238.52,334,275,2,2025-12-04,"Inventory for Consumer Goods at Austin, TX warehouse approaching critical threshold — current level at 122 units."
INC00272,S009,"Philadelphia, PA",Northeast,Port Congestion,Raw Materials,Delayed,critical,289.95,52.72,1371.93,319,236,113,2025-12-06,"Vessel berthing delays at Philadelphia, PA port increasing transit times by 52 days."
INC00371,S002,"San Antonio, TX",South,Demand Spike,Electronics,On-Time,critical,37.02,2.65,1660.28,240,270,3,2025-12-07,"Unexpected Electronics demand increase at San Antonio, TX region — 270 units ordered vs 37 in stock."
INC00253,S019,"Dallas, TX",South,Stockout Risk,Electronics,Critical Delay,critical,8.28,23.7,1841.39,330,294,37,2025-12-10,"Dallas, TX distribution center reporting Electronics stock depletion risk within 23 days at current consumption rate."
INC00124,S012,"Los Angeles, CA",West,Demand Spike,Consumer Goods,In-Transit,high,78.25,6.41,2021.76,308,365,13,2025-12-11,"Unexpected Consumer Goods demand increase at Los Angeles, CA region — 365 units ordered vs 78 in stock."
INC00266,S005,"Dallas, TX",South,Weather Disruption,Pharmaceuticals,Delayed,low,491.85,1.91,1195.73,181,177,3,2025-12-11,"Flooding at Dallas, TX warehouse facility causing 1-day shutdown and inventory relocation."
INC00265,S006,"Austin, TX",South,Demand Spike,Automotive Parts,Delayed,medium,202.54,0.62,1236.85,293,385,1,2025-12-11,"Seasonal demand surge for Automotive Parts exceeding forecast by 15.7% at Austin, TX fulfillment center."
INC00337,S015,"New York, NY",Northeast,Demand Spike,Raw Materials,On-Time,medium,214.06,0.82,2737.51,114,86,1,2025-12-14,"Flash sale event triggering 24.7% above-forecast demand for Raw Materials — inventory risk at New York, NY."
INC00099,S015,"Phoenix, AZ",Southwest,Transportation Issue,Pharmaceuticals,On-Time,low,412.87,0.19,2010.84,120,159,1,2025-12-17,"Fuel price spike increasing transportation costs by 25.0% for Phoenix, AZ region shipments."
INC00414,S014,"Philadelphia, PA",Northeast,Supplier Delay,Pharmaceuticals,Delayed,medium,1158.7,4.63,2316.4,95,74,9,2025-12-18,S014 reported production line shutdown due to equipment failure causing 4-day delivery delay.
INC00342,S003,"Los Angeles, CA",West,Weather Disruption,Pharmaceuticals,In-Transit,high,132.86,12.45,1200.98,279,229,15,2025-12-18,"Flooding at Los Angeles, CA warehouse facility causing 12-day shutdown and inventory relocation."
INC00208,S009,"Austin, TX",South,Quality Issue,Consumer Goods,Delayed,critical,224.22,15.78,1109.15,161,210,33,2025-12-21,"Product recall risk identified for Consumer Goods batch from S009 — proactive hold at Austin, TX."
INC00383,S005,"San Diego, CA",West,Customs Delay,Automotive Parts,Critical Delay,critical,349.82,22.08,1348.05,102,81,35,2025-12-22,"Customs documentation error for S005 shipment causing 22-day clearance delay at San Diego, CA."
INC00323,S020,"Houston, TX",South,Stockout Risk,Food & Beverage,Delivered,medium,357.57,5.31,1676.13,91,93,7,2025-12-22,"Safety stock breach detected at Houston, TX for Food & Beverage category; replenishment order placed with S020."
INC00309,S007,"San Diego, CA",West,Demand Spike,Raw Materials,On-Time,high,91.19,4.77,994.04,189,161,7,2025-12-22,"Seasonal demand surge for Raw Materials exceeding forecast by 33.3% at San Diego, CA fulfillment center."
INC00402,S013,"San Antonio, TX",South,Quality Issue,Electronics,Delayed,critical,255.66,37.5,1381.6,187,242,89,2025-12-22,Material specification deviation in S013 Electronics delivery requiring re-inspection and approval.
INC00494,S012,"San Diego, CA",West,Transportation Issue,Electronics,Delayed,critical,320.79,17.29,1066.96,214,161,21,2025-12-24,"Route disruption due to road construction near San Diego, CA increasing delivery time by 17 days."
INC00223,S017,"Philadelphia, PA",Northeast,Weather Disruption,Pharmaceuticals,Delayed,medium,264.1,1.0,1344.57,184,163,1,2025-12-25,"Flooding at Philadelphia, PA warehouse facility causing 1-day shutdown and inventory relocation."
INC00522,S012,"Los Angeles, CA",West,Supplier Delay,Industrial Equipment,Critical Delay,critical,33.4,1.26,2956.03,234,203,2,2025-12-27,Supplier S012 experiencing raw material shortage resulting in 1-day shipment delay for Industrial Equipment components.
INC00268,S016,"Chicago, IL",Midwest,Transportation Issue,Pharmaceuticals,Critical Delay,critical,594.18,12.8,2978.93,175,216,23,2025-12-28,"Fuel price spike increasing transportation costs by 19.3% for Chicago, IL region shipments."
INC00538,S017,"Los Angeles, CA",West,Stockout Risk,Medical Supplies,Delayed,critical,15.12,7.62,1950.68,249,264,14,2025-12-30,"Inventory for Medical Supplies at Los Angeles, CA warehouse approaching critical threshold — current level at 15 units."
INC00117,S015,"Los Angeles, CA",West,Port Congestion,Food & Beverage,On-Time,high,133.34,4.73,2220.73,167,168,9,2025-12-30,"Customs inspection backlog at Los Angeles, CA customs facility delaying Food & Beverage clearance by 4 days."
INC00116,S017,"Phoenix, AZ",Southwest,Customs Delay,Electronics,Delayed,high,67.55,7.4,1736.67,166,193,9,2025-12-30,"Tariff classification dispute for S017 shipment adding 7-day delay at Phoenix, AZ customs."
INC00392,S004,"Phoenix, AZ",Southwest,Transportation Issue,Consumer Goods,In-Transit,medium,538.1,6.97,861.96,130,108,15,2026-01-03,"Route disruption due to road construction near Phoenix, AZ increasing delivery time by 6 days."
INC00156,S020,"San Diego, CA",West,Port Congestion,Automotive Parts,Delayed,medium,171.19,3.18,1799.84,242,287,6,2026-01-05,"Port congestion at San Diego, CA terminal causing 3-day backlog for incoming shipments."
INC00012,S004,"Austin, TX",South,Demand Spike,Food & Beverage,Critical Delay,critical,168.99,52.01,1093.85,248,174,111,2026-01-06,"B2B bulk order from key account straining Food & Beverage availability across Austin, TX distribution network."
INC00373,S010,"San Antonio, TX",South,Port Congestion,Industrial Equipment,Critical Delay,critical,277.75,4.61,1338.88,128,130,6,2026-01-06,"Labor strike at San Antonio, TX port operations causing significant 4-day shipping delays."
INC00534,S020,"San Diego, CA",West,Quality Issue,Raw Materials,Critical Delay,critical,170.47,29.36,374.07,249,212,66,2026-01-07,Batch quality failure detected for Raw Materials from S020 — 29-day hold pending quality review.
INC00294,S006,"Los Angeles, CA",West,Supplier Delay,Medical Supplies,Delayed,high,87.2,7.03,2228.24,188,227,15,2026-01-08,"S006 labor dispute affecting production capacity, estimated 7-day delay on outstanding orders."
INC00228,S010,"San Antonio, TX",South,Customs Delay,Food & Beverage,Delayed,critical,29.58,11.8,2143.85,186,153,26,2026-01-09,"Tariff classification dispute for S010 shipment adding 11-day delay at San Antonio, TX customs."
INC00259,S005,"Philadelphia, PA",Northeast,Demand Spike,Food & Beverage,On-Time,critical,26.74,2.14,2154.79,248,334,2,2026-01-09,"B2B bulk order from key account straining Food & Beverage availability across Philadelphia, PA distribution network."
INC00502,S020,"Phoenix, AZ",Southwest,Supplier Delay,Automotive Parts,On-Time,medium,285.03,5.08,1984.52,122,93,6,2026-01-12,Supplier S020 experiencing raw material shortage resulting in 5-day shipment delay for Automotive Parts components.
INC00135,S008,"Philadelphia, PA",Northeast,Stockout Risk,Automotive Parts,On-Time,critical,6.8,1.06,1480.35,156,170,1,2026-01-14,"Philadelphia, PA distribution center reporting Automotive Parts stock depletion risk within 1 days at current consumption rate."
INC00382,S019,"Austin, TX",South,Customs Delay,Medical Supplies,Critical Delay,critical,169.15,12.23,398.61,293,328,28,2026-01-14,"Customs documentation error for S019 shipment causing 12-day clearance delay at Austin, TX."
INC00341,S002,"San Antonio, TX",South,Port Congestion,Pharmaceuticals,In-Transit,medium,233.48,6.15,1317.8,43,54,9,2026-01-14,"Vessel berthing delays at San Antonio, TX port increasing transit times by 6 days."
INC00119,S018,"Seattle, WA",Northwest,Transportation Issue,Pharmaceuticals,On-Time,high,145.3,3.92,1641.37,261,204,6,2026-01-17,"Carrier capacity constraints impacting shipments from S018 to Seattle, WA — 3-day estimated delay."
INC00204,S018,"Dallas, TX",South,Customs Delay,Medical Supplies,Critical Delay,critical,10.13,11.69,899.03,177,194,19,2026-01-18,Trade compliance review triggered for Medical Supplies shipment from S018 — 11-day estimated hold.
INC00319,S002,"San Diego, CA",West,Quality Issue,Consumer Goods,Delayed,high,179.21,7.5,1487.18,140,101,16,2026-01-24,"S002 reported defect rate of 14.3% in recent Consumer Goods shipment, return and rework initiated."
INC00588,S010,"Seattle, WA",Northwest,Demand Spike,Electronics,Delayed,critical,30.55,1.25,1745.16,175,153,1,2026-01-25,"Unexpected Electronics demand increase at Seattle, WA region — 153 units ordered vs 30 in stock."
INC00573,S007,"Seattle, WA",Northwest,Weather Disruption,Pharmaceuticals,Delayed,high,106.74,11.21,1271.09,153,145,23,2026-01-27,"Hurricane warning at Seattle, WA port resulting in 11-day suspension of loading operations."
INC00301,S010,"Phoenix, AZ",Southwest,Quality Issue,Automotive Parts,On-Time,medium,242.96,6.6,782.47,235,222,14,2026-01-27,"S010 reported defect rate of 15.2% in recent Automotive Parts shipment, return and rework initiated."
INC00347,S015,"Philadelphia, PA",Northeast,Demand Spike,Pharmaceuticals,On-Time,critical,36.43,1.64,2325.52,281,297,3,2026-01-28,"B2B bulk order from key account straining Pharmaceuticals availability across Philadelphia, PA distribution network."
INC00293,S002,"Houston, TX",South,Port Congestion,Pharmaceuticals,Critical Delay,critical,311.38,25.12,1682.48,221,285,54,2026-01-28,"Port congestion at Houston, TX terminal causing 25-day backlog for incoming shipments."
INC00032,S003,"Austin, TX",South,Weather Disruption,Industrial Equipment,Delayed,high,128.87,1.76,1870.58,297,225,2,2026-01-29,"Hurricane warning at Austin, TX port resulting in 1-day suspension of loading operations."
INC00555,S005,"San Diego, CA",West,Stockout Risk,Raw Materials,Critical Delay,critical,199.83,9.07,2142.85,361,410,20,2026-01-30,"Safety stock breach detected at San Diego, CA for Raw Materials category; replenishment order placed with S005."
INC00474,S012,"Seattle, WA",Northwest,Customs Delay,Pharmaceuticals,In-Transit,critical,235.91,30.41,1788.18,154,170,62,2026-01-31,Trade compliance review triggered for Pharmaceuticals shipment from S012 — 30-day estimated hold.
INC00489,S004,"Dallas, TX",South,Transportation Issue,Raw Materials,Delivered,critical,17.47,2.34,1596.01,240,280,5,2026-02-01,"Carrier capacity constraints impacting shipments from S004 to Dallas, TX — 2-day estimated delay."
INC00213,S014,"San Diego, CA",West,Supplier Delay,Raw Materials,Delayed,critical,139.11,21.97,562.92,360,434,49,2026-02-02,S014 reported production line shutdown due to equipment failure causing 21-day delivery delay.
INC00503,S008,"Dallas, TX",South,Weather Disruption,Consumer Goods,Critical Delay,critical,66.67,2.84,1029.74,144,128,5,2026-02-03,"Hurricane warning at Dallas, TX port resulting in 2-day suspension of loading operations."
INC00058,S005,"San Diego, CA",West,Port Congestion,Consumer Goods,Delayed,critical,146.38,18.64,1208.14,216,199,37,2026-02-04,"Customs inspection backlog at San Diego, CA customs facility delaying Consumer Goods clearance by 18 days."
INC00478,S016,"San Diego, CA",West,Demand Spike,Raw Materials,Delivered,critical,40.89,3.84,1178.42,243,228,6,2026-02-05,"Seasonal demand surge for Raw Materials exceeding forecast by 25.7% at San Diego, CA fulfillment center."
INC00396,S008,"Phoenix, AZ",Southwest,Weather Disruption,Food & Beverage,Critical Delay,critical,193.62,20.4,1652.24,237,254,40,2026-02-05,"Hurricane warning at Phoenix, AZ port resulting in 20-day suspension of loading operations."
INC00063,S016,"San Diego, CA",West,Weather Disruption,Industrial Equipment,Delayed,critical,32.65,22.59,2283.29,201,185,40,2026-02-07,"Severe weather event impacting San Diego, CA region causing 22-day operational disruption."
INC00439,S014,"Chicago, IL",Midwest,Port Congestion,Medical Supplies,Critical Delay,critical,20.39,6.42,1438.05,68,83,12,2026-02-09,"Port congestion at Chicago, IL terminal causing 6-day backlog for incoming shipments."
INC00127,S014,"San Diego, CA",West,Quality Issue,Medical Supplies,Critical Delay,critical,807.0,4.16,1788.61,217,259,5,2026-02-11,Batch quality failure detected for Medical Supplies from S014 — 4-day hold pending quality review.
INC00517,S006,"Philadelphia, PA",Northeast,Customs Delay,Medical Supplies,In-Transit,critical,32.47,19.58,1605.13,438,366,33,2026-02-14,Trade compliance review triggered for Medical Supplies shipment from S006 — 19-day estimated hold.
INC00366,S013,"San Antonio, TX",South,Customs Delay,Pharmaceuticals,Delayed,critical,45.26,3.29,656.21,193,217,7,2026-02-14,New import regulations requiring additional certification for Pharmaceuticals category — 3-day processing time.
INC00065,S011,"Phoenix, AZ",Southwest,Demand Spike,Electronics,On-Time,high,139.58,2.98,896.39,102,119,5,2026-02-15,"Seasonal demand surge for Electronics exceeding forecast by 30.2% at Phoenix, AZ fulfillment center."
INC00093,S020,"Seattle, WA",Northwest,Weather Disruption,Automotive Parts,In-Transit,critical,41.39,22.71,839.25,239,225,45,2026-02-16,"Flooding at Seattle, WA warehouse facility causing 22-day shutdown and inventory relocation."
INC00289,S020,"Los Angeles, CA",West,Supplier Delay,Food & Beverage,On-Time,medium,309.77,3.78,1113.89,274,379,7,2026-02-20,Quality control issues at S020 facility halted production for 3 days pending inspection.
INC00540,S015,"Austin, TX",South,Quality Issue,Automotive Parts,Delayed,high,415.86,11.94,1824.84,315,364,20,2026-02-25,"S015 reported defect rate of 18.3% in recent Automotive Parts shipment, return and rework initiated."
INC00541,S006,"Philadelphia, PA",Northeast,Stockout Risk,Medical Supplies,On-Time,high,126.02,4.32,880.49,231,238,6,2026-02-26,"Inventory for Medical Supplies at Philadelphia, PA warehouse approaching critical threshold — current level at 126 units."
INC00118,S011,"San Antonio, TX",South,Demand Spike,Raw Materials,Delayed,medium,229.83,1.79,1511.05,334,288,3,2026-02-26,"Unexpected Raw Materials demand increase at San Antonio, TX region — 288 units ordered vs 229 in stock."
INC00425,S007,"Phoenix, AZ",Southwest,Port Congestion,Automotive Parts,In-Transit,low,363.74,1.0,1621.98,177,203,1,2026-02-26,"Port congestion at Phoenix, AZ terminal causing 1-day backlog for incoming shipments."
INC00201,S018,"Chicago, IL",Midwest,Weather Disruption,Raw Materials,Delayed,high,103.45,6.55,1723.28,238,173,13,2026-02-26,"Winter storm affecting ground transportation near Chicago, IL, 6-day delivery delay expected."
INC00051,S007,"Los Angeles, CA",West,Weather Disruption,Pharmaceuticals,Critical Delay,critical,86.4,30.98,2067.23,301,269,54,2026-02-27,"Severe weather event impacting Los Angeles, CA region causing 30-day operational disruption."
INC00307,S009,"Philadelphia, PA",Northeast,Weather Disruption,Food & Beverage,On-Time,low,490.41,1.0,1495.77,304,229,1,2026-02-27,"Severe weather event impacting Philadelphia, PA region causing 1-day operational disruption."
INC00308,S019,"Los Angeles, CA",West,Stockout Risk,Automotive Parts,Critical Delay,critical,58.02,18.44,2068.7,254,269,30,2026-02-27,"Demand surge exceeding supply at Los Angeles, CA — Automotive Parts inventory at 58 units vs 269 forecasted demand."
INC00510,S016,"Chicago, IL",Midwest,Customs Delay,Automotive Parts,Delayed,medium,314.37,3.58,1212.57,58,41,4,2026-02-28,"Tariff classification dispute for S016 shipment adding 3-day delay at Chicago, IL customs."
INC00257,S013,"Philadelphia, PA",Northeast,Weather Disruption,Automotive Parts,Delayed,critical,244.79,31.61,1076.99,195,213,54,2026-03-01,"Hurricane warning at Philadelphia, PA port resulting in 31-day suspension of loading operations."
INC00062,S014,"Philadelphia, PA",Northeast,Customs Delay,Medical Supplies,Critical Delay,critical,125.02,14.05,1369.39,287,351,33,2026-03-04,New import regulations requiring additional certification for Medical Supplies category — 14-day processing time.
INC00496,S020,"Dallas, TX",South,Stockout Risk,Automotive Parts,Delayed,critical,37.53,0.08,2213.95,281,316,1,2026-03-05,"Safety stock breach detected at Dallas, TX for Automotive Parts category; replenishment order placed with S020."
INC00007,S020,"Austin, TX",South,Stockout Risk,Consumer Goods,Delayed,critical,58.01,19.83,1139.62,176,207,45,2026-03-05,"Austin, TX distribution center reporting Consumer Goods stock depletion risk within 19 days at current consumption rate."
INC00089,S012,"Philadelphia, PA",Northeast,Weather Disruption,Raw Materials,In-Transit,high,267.42,7.22,2031.64,189,178,10,2026-03-05,"Hurricane warning at Philadelphia, PA port resulting in 7-day suspension of loading operations."
INC00114,S011,"New York, NY",Northeast,Stockout Risk,Industrial Equipment,Critical Delay,critical,20.0,40.24,1722.69,151,204,73,2026-03-07,"Inventory for Industrial Equipment at New York, NY warehouse approaching critical threshold — current level at 19 units."
INC00167,S017,"Seattle, WA",Northwest,Stockout Risk,Electronics,Critical Delay,critical,27.28,17.55,490.91,59,71,22,2026-03-08,"Demand surge exceeding supply at Seattle, WA — Electronics inventory at 27 units vs 71 forecasted demand."
INC00348,S016,"Dallas, TX",South,Quality Issue,Electronics,On-Time,high,71.72,0.17,2117.21,94,127,1,2026-03-10,"Product recall risk identified for Electronics batch from S016 — proactive hold at Dallas, TX."
INC00590,S009,"New York, NY",Northeast,Port Congestion,Medical Supplies,Critical Delay,critical,183.93,1.0,1481.36,127,170,1,2026-03-12,"Labor strike at New York, NY port operations causing significant 1-day shipping delays."
INC00335,S016,"Houston, TX",South,Port Congestion,Electronics,Critical Delay,critical,51.58,23.66,1113.87,282,366,31,2026-03-14,"Port congestion at Houston, TX terminal causing 23-day backlog for incoming shipments."
INC00222,S019,"Seattle, WA",Northwest,Stockout Risk,Pharmaceuticals,On-Time,medium,163.82,0.92,1307.02,366,472,1,2026-03-15,"Safety stock breach detected at Seattle, WA for Pharmaceuticals category; replenishment order placed with S019."
INC00406,S010,"San Diego, CA",West,Quality Issue,Automotive Parts,Delayed,high,98.03,1.18,1178.63,268,190,2,2026-03-16,"S010 reported defect rate of 38.5% in recent Automotive Parts shipment, return and rework initiated."
INC00087,S008,"San Diego, CA",West,Stockout Risk,Pharmaceuticals,Critical Delay,critical,140.71,25.11,887.77,178,128,39,2026-03-19,"San Diego, CA distribution center reporting Pharmaceuticals stock depletion risk within 25 days at current consumption rate."
INC00441,S014,"Dallas, TX",South,Weather Disruption,Food & Beverage,Critical Delay,critical,136.56,15.2,1274.88,174,197,34,2026-03-19,"Flooding at Dallas, TX warehouse facility causing 15-day shutdown and inventory relocation."
INC00429,S002,"Houston, TX",South,Customs Delay,Consumer Goods,Delayed,high,72.9,10.55,567.74,265,210,19,2026-03-21,"Customs documentation error for S002 shipment causing 10-day clearance delay at Houston, TX."
INC00486,S001,"San Diego, CA",West,Transportation Issue,Food & Beverage,In-Transit,critical,3.67,5.6,1541.85,148,133,10,2026-03-21,"Fuel price spike increasing transportation costs by 39.9% for San Diego, CA region shipments."
INC00509,S008,"Houston, TX",South,Demand Spike,Industrial Equipment,Delayed,high,58.44,11.94,1998.43,118,117,25,2026-03-22,"Seasonal demand surge for Industrial Equipment exceeding forecast by 30.7% at Houston, TX fulfillment center."
INC00155,S020,"Dallas, TX",South,Weather Disruption,Automotive Parts,Delayed,high,442.09,11.66,1607.91,173,181,20,2026-03-23,"Severe weather event impacting Dallas, TX region causing 11-day operational disruption."
INC00311,S009,"Chicago, IL",Midwest,Supplier Delay,Pharmaceuticals,Critical Delay,critical,303.33,7.7,1364.11,123,158,10,2026-03-23,Supplier S009 experiencing raw material shortage resulting in 7-day shipment delay for Pharmaceuticals components.
INC00276,S011,"Houston, TX",South,Weather Disruption,Raw Materials,Critical Delay,critical,527.27,3.01,1154.09,10,10,3,2026-03-24,"Flooding at Houston, TX warehouse facility causing 3-day shutdown and inventory relocation."
INC00302,S020,"Houston, TX",South,Customs Delay,Food & Beverage,Delayed,medium,459.45,3.65,630.09,111,89,6,2026-03-26,Trade compliance review triggered for Food & Beverage shipment from S020 — 3-day estimated hold.
INC00380,S013,"San Antonio, TX",South,Customs Delay,Industrial Equipment,Critical Delay,critical,560.47,3.66,2604.13,140,124,7,2026-03-27,"Tariff classification dispute for S013 shipment adding 3-day delay at San Antonio, TX customs."
INC00163,S012,"San Antonio, TX",South,Weather Disruption,Raw Materials,Delayed,high,357.5,7.75,1343.38,210,193,14,2026-03-27,"Hurricane warning at San Antonio, TX port resulting in 7-day suspension of loading operations."
INC00053,S018,"Seattle, WA",Northwest,Transportation Issue,Raw Materials,Critical Delay,critical,132.0,17.02,1766.29,261,269,35,2026-03-28,"Truck fleet shortage affecting last-mile delivery from Seattle, WA, 17-day delay on Raw Materials orders."
INC00339,S018,"Austin, TX",South,Customs Delay,Consumer Goods,On-Time,high,330.71,8.2,786.59,179,126,19,2026-03-30,"Customs documentation error for S018 shipment causing 8-day clearance delay at Austin, TX."
INC00020,S012,"San Antonio, TX",South,Weather Disruption,Raw Materials,On-Time,medium,669.24,5.57,1078.77,173,148,11,2026-03-30,"Severe weather event impacting San Antonio, TX region causing 5-day operational disruption."
INC00149,S019,"San Diego, CA",West,Customs Delay,Industrial Equipment,Critical Delay,critical,316.17,10.94,1653.62,278,311,24,2026-03-31,"Tariff classification dispute for S019 shipment adding 10-day delay at San Diego, CA customs."
INC00381,S006,"Los Angeles, CA",West,Stockout Risk,Electronics,In-Transit,medium,248.45,2.96,1816.84,239,310,5,2026-04-01,"Inventory for Electronics at Los Angeles, CA warehouse approaching critical threshold — current level at 248 units."
INC00564,S009,"Los Angeles, CA",West,Supplier Delay,Automotive Parts,Delayed,high,972.64,9.21,100.0,176,142,22,2026-04-03,"S009 labor dispute affecting production capacity, estimated 9-day delay on outstanding orders."
INC00040,S011,"San Antonio, TX",South,Port Congestion,Pharmaceuticals,On-Time,medium,994.12,3.81,991.92,78,101,4,2026-04-05,"Port congestion at San Antonio, TX terminal causing 3-day backlog for incoming shipments."
INC00320,S002,"Houston, TX",South,Weather Disruption,Food & Beverage,Delivered,critical,19.41,4.27,1560.99,109,107,8,2026-04-05,"Hurricane warning at Houston, TX port resulting in 4-day suspension of loading operations."
INC00131,S001,"San Diego, CA",West,Weather Disruption,Medical Supplies,Critical Delay,critical,127.55,6.02,1298.53,333,285,13,2026-04-05,"Hurricane warning at San Diego, CA port resulting in 6-day suspension of loading operations."
INC00295,S009,"Chicago, IL",Midwest,Quality Issue,Medical Supplies,In-Transit,medium,449.43,5.34,1608.61,96,133,6,2026-04-06,Batch quality failure detected for Medical Supplies from S009 — 5-day hold pending quality review.
INC00002,S007,"Houston, TX",South,Supplier Delay,Consumer Goods,Critical Delay,critical,17.95,10.06,2447.53,261,186,19,2026-04-08,Quality control issues at S007 facility halted production for 10 days pending inspection.
INC00469,S007,"Phoenix, AZ",Southwest,Customs Delay,Automotive Parts,Delayed,low,1084.45,1.0,847.65,113,97,1,2026-04-09,New import regulations requiring additional certification for Automotive Parts category — 1-day processing time.
INC00369,S011,"San Antonio, TX",South,Stockout Risk,Food & Beverage,Delayed,high,68.03,0.6,1562.13,27,35,1,2026-04-11,"San Antonio, TX distribution center reporting Food & Beverage stock depletion risk within 0 days at current consumption rate."
INC00151,S010,"Los Angeles, CA",West,Stockout Risk,Industrial Equipment,Critical Delay,critical,49.31,6.7,1612.06,139,121,15,2026-04-16,"Demand surge exceeding supply at Los Angeles, CA — Industrial Equipment inventory at 49 units vs 121 forecasted demand."
INC00592,S014,"San Antonio, TX",South,Transportation Issue,Raw Materials,On-Time,low,428.86,0.84,100.0,160,178,1,2026-04-19,"Carrier capacity constraints impacting shipments from S014 to San Antonio, TX — 0-day estimated delay."
INC00174,S020,"Los Angeles, CA",West,Port Congestion,Industrial Equipment,In-Transit,high,50.13,8.99,1076.87,143,153,19,2026-04-23,"Labor strike at Los Angeles, CA port operations causing significant 8-day shipping delays."
INC00144,S013,"Chicago, IL",Midwest,Port Congestion,Industrial Equipment,Critical Delay,critical,267.7,5.73,731.74,340,369,11,2026-04-28,"Customs inspection backlog at Chicago, IL customs facility delaying Industrial Equipment clearance by 5 days."
INC00111,S007,"Austin, TX",South,Supplier Delay,Electronics,On-Time,high,50.3,3.28,1108.9,203,189,4,2026-04-29,Supplier S007 experiencing raw material shortage resulting in 3-day shipment delay for Electronics components.
INC00313,S003,"San Jose, CA",West,Demand Spike,Automotive Parts,On-Time,medium,282.48,0.32,1584.53,58,52,1,2026-04-29,"B2B bulk order from key account straining Automotive Parts availability across San Jose, CA distribution network."
INC00436,S020,"San Jose, CA",West,Supplier Delay,Industrial Equipment,Delayed,high,104.15,7.42,203.06,220,211,10,2026-04-30,Quality control issues at S020 facility halted production for 7 days pending inspection.
INC00351,S020,"San Diego, CA",West,Stockout Risk,Raw Materials,Delayed,critical,11.73,10.0,196.4,267,369,15,2026-04-30,"San Diego, CA distribution center reporting Raw Materials stock depletion risk within 9 days at current consumption rate."
INC00153,S001,"Philadelphia, PA",Northeast,Port Congestion,Food & Beverage,On-Time,medium,193.91,1.0,1557.19,214,181,1,2026-05-01,"Customs inspection backlog at Philadelphia, PA customs facility delaying Food & Beverage clearance by 1 days."
INC00495,S015,"Dallas, TX",South,Demand Spike,Raw Materials,On-Time,high,104.56,4.23,1618.4,134,152,7,2026-05-01,"Flash sale event triggering 16.3% above-forecast demand for Raw Materials — inventory risk at Dallas, TX."
